0,CEP89_+_33462702.23-P1P2,CEP89,P1P2,GCGCCGCGCGTGGGGCTCTG,1,1.885621484,ATTTTGCCCCTGGTTCTTCCACCTTGTTGGCGCCGCGCGTGGGGCTCTGgtttaagaGCTAAGCTGCCAGTTCATTTCTTAGGG,JY_L01_1_CEP89
1,CEP89_+_33462640.23-P1P2,CEP89,P1P2,GTTGGCCTGAGATCCAGTCA,2,0.756716668,ATTTTGCCCCTGGTTCTTCCACCTTGTTGGTTGGCCTGAGATCCAGTCAgtttaagaGCTAAGCTGCCAGTTCATTTCTTAGGG,JY_L01_2_CEP89
2,CEP89_-_33462806.23-P1P2,CEP89,P1P2,GCAGCGCGAGGAGAATGGAC,3,0.855755638,ATTTTGCCCCTGGTTCTTCCACCTTGTTGGCAGCGCGAGGAGAATGGACgtttaagaGCTAAGCTGCCAGTTCATTTCTTAGGG,JY_L01_3_CEP89
3,CHFR_+_133464165.23-P1P2,CHFR,P1P2,GTGTCTCTTGACAGCGGCGG,1,0.845336671,ATTTTGCCCCTGGTTCTTCCACCTTGTTGGTGTCTCTTGACAGCGGCGGgtttaagaGCTAAGCTGCCAGTTCATTTCTTAGGG,JY_L01_4_CHFR
4,CHFR_-_133463971.23-P1P2,CHFR,P1P2,GTGGAGACTCCCGACCCCAG,2,0.819787439,ATTTTGCCCCTGGTTCTTCCACCTTGTTGGTGGAGACTCCCGACCCCAGgtttaagaGCTAAGCTGCCAGTTCATTTCTTAGGG,JY_L01_5_CHFR
5,CHFR_+_133464171.23-P1P2,CHFR,P1P2,GCCGCAATGTCTCTTGACAG,3,0.775399804,ATTTTGCCCCTGGTTCTTCCACCTTGTTGGCCGCAATGTCTCTTGACAGgtttaagaGCTAAGCTGCCAGTTCATTTCTTAGGG,JY_L01_6_CHFR
6,CKMT1A_-_43985782.23-ENST00000413453.2,CKMT1A,ENST00000413453.2,GCTTAAACCGAGGGGTGTGG,1,0.896328172,ATTTTGCCCCTGGTTCTTCCACCTTGTTGGCTTAAACCGAGGGGTGTGGgtttaagaGCTAAGCTGCCAGTTCATTTCTTAGGG,JY_L01_7_CKMT1A
7,CKMT1A_-_43985741.23-ENST00000413453.2,CKMT1A,ENST00000413453.2,GTCACCCTTGCACACCCACA,2,0.825437243,ATTTTGCCCCTGGTTCTTCCACCTTGTTGGTCACCCTTGCACACCCACAgtttaagaGCTAAGCTGCCAGTTCATTTCTTAGGG,JY_L01_8_CKMT1A
8,CKMT1A_-_43985748.23-ENST00000413453.2,CKMT1A,ENST00000413453.2,GTGCACACCCACAGGGTAGA,3,0.776804177,ATTTTGCCCCTGGTTCTTCCACCTTGTTGGTGCACACCCACAGGGTAGAgtttaagaGCTAAGCTGCCAGTTCATTTCTTAGGG,JY_L01_9_CKMT1A
9,CKMT1A_-_43985155.23-ENST00000434505.1,CKMT1A,ENST00000434505.1,GAGAGAAGCCAAGGGAGAGG,1,1.055016707,ATTTTGCCCCTGGTTCTTCCACCTTGTTGGAGAGAAGCCAAGGGAGAGGgtttaagaGCTAAGCTGCCAGTTCATTTCTTAGGG,JY_L01_10_CKMT1A
10,CKMT1A_-_43985147.23-ENST00000434505.1,CKMT1A,ENST00000434505.1,GCTACGGAGAGAGAAGCCAA,2,1.009338278,ATTTTGCCCCTGGTTCTTCCACCTTGTTGGCTACGGAGAGAGAAGCCAAgtttaagaGCTAAGCTGCCAGTTCATTTCTTAGGG,JY_L01_11_CKMT1A
11,CKMT1A_+_43985088.23-ENST00000434505.1,CKMT1A,ENST00000434505.1,GTGGAGGAGAAGGTAAAGTG,3,0.834892723,ATTTTGCCCCTGGTTCTTCCACCTTGTTGGTGGAGGAGAAGGTAAAGTGgtttaagaGCTAAGCTGCCAGTTCATTTCTTAGGG,JY_L01_12_CKMT1A
12,COQ6_-_74417174.23-P1P2,COQ6,P1P2,GTGTCGGGTGGAGGCCTGGT,1,1.329504879,ATTTTGCCCCTGGTTCTTCCACCTTGTTGGTGTCGGGTGGAGGCCTGGTgtttaagaGCTAAGCTGCCAGTTCATTTCTTAGGG,JY_L01_13_COQ6
13,COQ6_-_74417236.23-P1P2,COQ6,P1P2,GCTACTAGTGGCCGGAAACC,2,0.835677043,ATTTTGCCCCTGGTTCTTCCACCTTGTTGGCTACTAGTGGCCGGAAACCgtttaagaGCTAAGCTGCCAGTTCATTTCTTAGGG,JY_L01_14_COQ6
14,COQ6_-_74417038.23-P1P2,COQ6,P1P2,GACGGCGCAGGTCTGCACCA,3,0.982515234,ATTTTGCCCCTGGTTCTTCCACCTTGTTGGACGGCGCAGGTCTGCACCAgtttaagaGCTAAGCTGCCAGTTCATTTCTTAGGG,JY_L01_15_COQ6
15,COX7C_+_85913816.23-P1P2,COX7C,P1P2,GATGAGGACAGATGAAATGG,1,1.785697243,ATTTTGCCCCTGGTTCTTCCACCTTGTTGGATGAGGACAGATGAAATGGgtttaagaGCTAAGCTGCCAGTTCATTTCTTAGGG,JY_L01_16_COX7C
16,COX7C_-_85913960.23-P1P2,COX7C,P1P2,GCTGGGAAGGTTAGTGTGTA,2,0.768770156,ATTTTGCCCCTGGTTCTTCCACCTTGTTGGCTGGGAAGGTTAGTGTGTAgtttaagaGCTAAGCTGCCAGTTCATTTCTTAGGG,JY_L01_17_COX7C
17,COX7C_-_85913802.23-P1P2,COX7C,P1P2,GAACAAGGTCGTGAAAAAAA,3,0.751081116,ATTTTGCCCCTGGTTCTTCCACCTTGTTGGAACAAGGTCGTGAAAAAAAgtttaagaGCTAAGCTGCCAGTTCATTTCTTAGGG,JY_L01_18_COX7C
18,CTSZ_-_57582269.23-P1P2,CTSZ,P1P2,Gcccgctctggatcccgccc,1,0.824243904,ATTTTGCCCCTGGTTCTTCCACCTTGTTGGcccgctctggatcccgcccgtttaagaGCTAAGCTGCCAGTTCATTTCTTAGGG,JY_L01_19_CTSZ
19,CTSZ_-_57582111.23-P1P2,CTSZ,P1P2,GCTGTCCCCGGCGGAAGTAG,2,0.735058971,ATTTTGCCCCTGGTTCTTCCACCTTGTTGGCTGTCCCCGGCGGAAGTAGgtttaagaGCTAAGCTGCCAGTTCATTTCTTAGGG,JY_L01_20_CTSZ
20,CTSZ_+_57582298.23-P1P2,CTSZ,P1P2,Gggcaggggcccaaagtgcg,3,0.730815776,ATTTTGCCCCTGGTTCTTCCACCTTGTTGGggcaggggcccaaagtgcggtttaagaGCTAAGCTGCCAGTTCATTTCTTAGGG,JY_L01_21_CTSZ
21,CTU1_+_51611638.23-P1P2,CTU1,P1P2,GGGGCCAGGCTTCCGCGTGG,1,1.54828624,ATTTTGCCCCTGGTTCTTCCACCTTGTTGGGGGCCAGGCTTCCGCGTGGgtttaagaGCTAAGCTGCCAGTTCATTTCTTAGGG,JY_L01_22_CTU1
22,CTU1_-_51611607.23-P1P2,CTU1,P1P2,GCAGGAGGAAATACTCACCC,2,0.934673334,ATTTTGCCCCTGGTTCTTCCACCTTGTTGGCAGGAGGAAATACTCACCCgtttaagaGCTAAGCTGCCAGTTCATTTCTTAGGG,JY_L01_23_CTU1
23,CTU1_-_51611436.23-P1P2,CTU1,P1P2,GGAGTGGCCCGGTAAGAGAC,3,0.720391956,ATTTTGCCCCTGGTTCTTCCACCTTGTTGGGAGTGGCCCGGTAAGAGACgtttaagaGCTAAGCTGCCAGTTCATTTCTTAGGG,JY_L01_24_CTU1
24,DFFB_+_3774079.23-P1P2,DFFB,P1P2,GGTCCTCGCCCTGGCCGCAG,1,0.807456597,ATTTTGCCCCTGGTTCTTCCACCTTGTTGGGTCCTCGCCCTGGCCGCAGgtttaagaGCTAAGCTGCCAGTTCATTTCTTAGGG,JY_L01_25_DFFB
25,DFFB_+_3773844.23-P1P2,DFFB,P1P2,GACCCTGAGGGCCAGAGTAG,2,0.779026181,ATTTTGCCCCTGGTTCTTCCACCTTGTTGGACCCTGAGGGCCAGAGTAGgtttaagaGCTAAGCTGCCAGTTCATTTCTTAGGG,JY_L01_26_DFFB
26,DFFB_+_3774271.23-P1P2,DFFB,P1P2,GCCCAGCGGGCACCTGGAAG,3,0.732698548,ATTTTGCCCCTGGTTCTTCCACCTTGTTGGCCCAGCGGGCACCTGGAAGgtttaagaGCTAAGCTGCCAGTTCATTTCTTAGGG,JY_L01_27_DFFB
27,DOCK11_+_117629793.23-P1P2,DOCK11,P1P2,GCGGCCACATCGCAGCTCGG,1,0.770728057,ATTTTGCCCCTGGTTCTTCCACCTTGTTGGCGGCCACATCGCAGCTCGGgtttaagaGCTAAGCTGCCAGTTCATTTCTTAGGG,JY_L01_28_DOCK11
28,DOCK11_-_117629811.23-P1P2,DOCK11,P1P2,GCCGCCGCCGAGCTGCGATG,2,0.758700944,ATTTTGCCCCTGGTTCTTCCACCTTGTTGGCCGCCGCCGAGCTGCGATGgtttaagaGCTAAGCTGCCAGTTCATTTCTTAGGG,JY_L01_29_DOCK11
29,DOCK11_+_117629859.23-P1P2,DOCK11,P1P2,GGACTCACTgccccggcccg,3,0.743606046,ATTTTGCCCCTGGTTCTTCCACCTTGTTGGGACTCACTgccccggcccggtttaagaGCTAAGCTGCCAGTTCATTTCTTAGGG,JY_L01_30_DOCK11
30,EFCAB11_+_90421044.23-P1P2,EFCAB11,P1P2,GAGCCAGGCTGGGAAAGCGG,1,1.086555566,ATTTTGCCCCTGGTTCTTCCACCTTGTTGGAGCCAGGCTGGGAAAGCGGgtttaagaGCTAAGCTGCCAGTTCATTTCTTAGGG,JY_L01_31_EFCAB11
31,EFCAB11_-_90420865.23-P1P2,EFCAB11,P1P2,GCAGAGTGAGACCCAGACAC,2,0.948419457,ATTTTGCCCCTGGTTCTTCCACCTTGTTGGCAGAGTGAGACCCAGACACgtttaagaGCTAAGCTGCCAGTTCATTTCTTAGGG,JY_L01_32_EFCAB11
32,EFCAB11_-_90420870.23-P1P2,EFCAB11,P1P2,GTGAGACCCAGACACGGGAG,3,0.813977331,ATTTTGCCCCTGGTTCTTCCACCTTGTTGGTGAGACCCAGACACGGGAGgtttaagaGCTAAGCTGCCAGTTCATTTCTTAGGG,JY_L01_33_EFCAB11
33,EHD4_+_42264727.23-P1P2,EHD4,P1P2,GAGCCGGGGAGAGTCGAACC,1,0.913177902,ATTTTGCCCCTGGTTCTTCCACCTTGTTGGAGCCGGGGAGAGTCGAACCgtttaagaGCTAAGCTGCCAGTTCATTTCTTAGGG,JY_L01_34_EHD4
34,EHD4_-_42264746.23-P1P2,EHD4,P1P2,GCTCCGGGTTCGACTCTCCC,2,0.855781164,ATTTTGCCCCTGGTTCTTCCACCTTGTTGGCTCCGGGTTCGACTCTCCCgtttaagaGCTAAGCTGCCAGTTCATTTCTTAGGG,JY_L01_35_EHD4
35,EHD4_+_42264741.23-P1P2,EHD4,P1P2,GggcggcTCAGTGCGAGCCG,3,0.821709442,ATTTTGCCCCTGGTTCTTCCACCTTGTTGGggcggcTCAGTGCGAGCCGgtttaagaGCTAAGCTGCCAGTTCATTTCTTAGGG,JY_L01_36_EHD4
36,ELF3_+_201979810.23-P1P2,ELF3,P1P2,GGAGTGGCGGAGTCCGGCTG,1,0.820450097,ATTTTGCCCCTGGTTCTTCCACCTTGTTGGGAGTGGCGGAGTCCGGCTGgtttaagaGCTAAGCTGCCAGTTCATTTCTTAGGG,JY_L01_37_ELF3
37,ELF3_+_201979826.23-P1P2,ELF3,P1P2,GGCGGGGAATCCTACCGGAG,2,0.774217223,ATTTTGCCCCTGGTTCTTCCACCTTGTTGGGCGGGGAATCCTACCGGAGgtttaagaGCTAAGCTGCCAGTTCATTTCTTAGGG,JY_L01_38_ELF3
38,ELF3_-_201979952.23-P1P2,ELF3,P1P2,GGATCTCCGAGCAAGAGCGT,3,0.71724034,ATTTTGCCCCTGGTTCTTCCACCTTGTTGGGATCTCCGAGCAAGAGCGTgtttaagaGCTAAGCTGCCAGTTCATTTCTTAGGG,JY_L01_39_ELF3
39,EP400_-_132434647.23-P1P2,EP400,P1P2,GACGGCAGCGTCCAGGGTCC,1,0.888807195,ATTTTGCCCCTGGTTCTTCCACCTTGTTGGACGGCAGCGTCCAGGGTCCgtttaagaGCTAAGCTGCCAGTTCATTTCTTAGGG,JY_L01_40_EP400
40,EP400_-_132434591.23-P1P2,EP400,P1P2,GTGAGGCCCAGGGTAAGTGA,2,0.976403885,ATTTTGCCCCTGGTTCTTCCACCTTGTTGGTGAGGCCCAGGGTAAGTGAgtttaagaGCTAAGCTGCCAGTTCATTTCTTAGGG,JY_L01_41_EP400
41,EP400_+_132434542.23-P1P2,EP400,P1P2,GCGCTCCGGCCGCGTCAGGA,3,0.902510358,ATTTTGCCCCTGGTTCTTCCACCTTGTTGGCGCTCCGGCCGCGTCAGGAgtttaagaGCTAAGCTGCCAGTTCATTTCTTAGGG,JY_L01_42_EP400
42,EPCAM_+_47596500.23-P1P2,EPCAM,P1P2,Gtcgggaggacagcgacgag,1,1.292615336,ATTTTGCCCCTGGTTCTTCCACCTTGTTGGtcgggaggacagcgacgaggtttaagaGCTAAGCTGCCAGTTCATTTCTTAGGG,JY_L01_43_EPCAM
43,EPCAM_+_47596336.23-P1P2,EPCAM,P1P2,GTCGTTGATGAGTCACCGCC,2,1.034144616,ATTTTGCCCCTGGTTCTTCCACCTTGTTGGTCGTTGATGAGTCACCGCCgtttaagaGCTAAGCTGCCAGTTCATTTCTTAGGG,JY_L01_44_EPCAM
44,EPCAM_+_47596619.23-P1P2,EPCAM,P1P2,GGCGCGCGCGCCGAGAAGAg,3,0.807874209,ATTTTGCCCCTGGTTCTTCCACCTTGTTGGGCGCGCGCGCCGAGAAGAggtttaagaGCTAAGCTGCCAGTTCATTTCTTAGGG,JY_L01_45_EPCAM
45,EPHB3_-_184279594.23-P1P2,EPHB3,P1P2,GGCAGAAGTGAGTACGTGAG,1,0.896112128,ATTTTGCCCCTGGTTCTTCCACCTTGTTGGGCAGAAGTGAGTACGTGAGgtttaagaGCTAAGCTGCCAGTTCATTTCTTAGGG,JY_L01_46_EPHB3
46,EPHB3_+_184279633.23-P1P2,EPHB3,P1P2,GCTGGGATCCGGGGCTTCGG,2,0.838861533,ATTTTGCCCCTGGTTCTTCCACCTTGTTGGCTGGGATCCGGGGCTTCGGgtttaagaGCTAAGCTGCCAGTTCATTTCTTAGGG,JY_L01_47_EPHB3
47,EPHB3_+_184279650.23-P1P2,EPHB3,P1P2,GGTCAGCTGCGGGCCCGACT,3,0.755512724,ATTTTGCCCCTGGTTCTTCCACCTTGTTGGGTCAGCTGCGGGCCCGACTgtttaagaGCTAAGCTGCCAGTTCATTTCTTAGGG,JY_L01_48_EPHB3
48,FBXO36_-_230787240.23-P1P2,FBXO36,P1P2,GGCGTCCCAAGATGGCGTCG,1,0.821013847,ATTTTGCCCCTGGTTCTTCCACCTTGTTGGGCGTCCCAAGATGGCGTCGgtttaagaGCTAAGCTGCCAGTTCATTTCTTAGGG,JY_L01_49_FBXO36
49,FBXO36_-_230787232.23-P1P2,FBXO36,P1P2,GCGGCGGTGGCGTCCCAAGA,2,0.78062563,ATTTTGCCCCTGGTTCTTCCACCTTGTTGGCGGCGGTGGCGTCCCAAGAgtttaagaGCTAAGCTGCCAGTTCATTTCTTAGGG,JY_L01_50_FBXO36
50,FBXO36_+_230787244.23-P1P2,FBXO36,P1P2,GCAGTTTCAAAGAGAGTCTC,3,0.770652691,ATTTTGCCCCTGGTTCTTCCACCTTGTTGGCAGTTTCAAAGAGAGTCTCgtttaagaGCTAAGCTGCCAGTTCATTTCTTAGGG,JY_L01_51_FBXO36
51,FKBP1A_+_1373724.23-P1P2,FKBP1A,P1P2,GGGCGACGCGCCGAGGTACT,1,1.14965061,ATTTTGCCCCTGGTTCTTCCACCTTGTTGGGGCGACGCGCCGAGGTACTgtttaagaGCTAAGCTGCCAGTTCATTTCTTAGGG,JY_L01_52_FKBP1A
52,FKBP1A_-_1373736.23-P1P2,FKBP1A,P1P2,GACGGCTCTGCCTAGTACCT,2,0.762959024,ATTTTGCCCCTGGTTCTTCCACCTTGTTGGACGGCTCTGCCTAGTACCTgtttaagaGCTAAGCTGCCAGTTCATTTCTTAGGG,JY_L01_53_FKBP1A
53,FKBP1A_+_1373594.23-P1P2,FKBP1A,P1P2,GCCCAGGAGACGGTGAGTAG,3,0.728814306,ATTTTGCCCCTGGTTCTTCCACCTTGTTGGCCCAGGAGACGGTGAGTAGgtttaagaGCTAAGCTGCCAGTTCATTTCTTAGGG,JY_L01_54_FKBP1A
54,FLNB_-_57994166.23-P1P2,FLNB,P1P2,GCGCAGAGCAGCACCGGCCG,1,0.923686591,ATTTTGCCCCTGGTTCTTCCACCTTGTTGGCGCAGAGCAGCACCGGCCGgtttaagaGCTAAGCTGCCAGTTCATTTCTTAGGG,JY_L01_55_FLNB
55,FLNB_-_57994160.23-P1P2,FLNB,P1P2,GGGCGGCCGCAGAGCAGCAC,2,0.90478181,ATTTTGCCCCTGGTTCTTCCACCTTGTTGGGGCGGCCGCAGAGCAGCACgtttaagaGCTAAGCTGCCAGTTCATTTCTTAGGG,JY_L01_56_FLNB
56,FLNB_-_57994172.23-P1P2,FLNB,P1P2,GGCAGCACCGGCCGTGGCTC,3,0.807708527,ATTTTGCCCCTGGTTCTTCCACCTTGTTGGGCAGCACCGGCCGTGGCTCgtttaagaGCTAAGCTGCCAGTTCATTTCTTAGGG,JY_L01_57_FLNB
57,FN1_+_216300745.23-P1P2,FN1,P1P2,GGGGGAGGAGAGGGAACCCC,1,0.896498996,ATTTTGCCCCTGGTTCTTCCACCTTGTTGGGGGGAGGAGAGGGAACCCCgtttaagaGCTAAGCTGCCAGTTCATTTCTTAGGG,JY_L01_58_FN1
58,FN1_+_216300728.23-P1P2,FN1,P1P2,GCCAGGCGCGAGCGGGAAGA,2,0.847224051,ATTTTGCCCCTGGTTCTTCCACCTTGTTGGCCAGGCGCGAGCGGGAAGAgtttaagaGCTAAGCTGCCAGTTCATTTCTTAGGG,JY_L01_59_FN1
59,FN1_+_216300763.23-P1P2,FN1,P1P2,GGCCGGCTGTGCTGCACAGG,3,0.778494031,ATTTTGCCCCTGGTTCTTCCACCTTGTTGGGCCGGCTGTGCTGCACAGGgtttaagaGCTAAGCTGCCAGTTCATTTCTTAGGG,JY_L01_60_FN1
60,FOXN3_-_90085506.23-P1,FOXN3,P1,GCAGATCGCGGCCGGAACCC,1,0.904404579,ATTTTGCCCCTGGTTCTTCCACCTTGTTGGCAGATCGCGGCCGGAACCCgtttaagaGCTAAGCTGCCAGTTCATTTCTTAGGG,JY_L01_61_FOXN3
61,FOXN3_+_90085463.23-P1,FOXN3,P1,GCTGCAGCTCGGCCGGGAGA,2,0.813630232,ATTTTGCCCCTGGTTCTTCCACCTTGTTGGCTGCAGCTCGGCCGGGAGAgtttaagaGCTAAGCTGCCAGTTCATTTCTTAGGG,JY_L01_62_FOXN3
62,FOXN3_+_90085453.23-P1,FOXN3,P1,GGCCGGGAGACGGCGCGACC,3,0.773325351,ATTTTGCCCCTGGTTCTTCCACCTTGTTGGGCCGGGAGACGGCGCGACCgtttaagaGCTAAGCTGCCAGTTCATTTCTTAGGG,JY_L01_63_FOXN3
63,FOXP1_-_71633079.23-ENST00000318789.4,FOXP1,ENST00000318789.4,GACCCCGCTGGGCACTCCAG,1,0.863341338,ATTTTGCCCCTGGTTCTTCCACCTTGTTGGACCCCGCTGGGCACTCCAGgtttaagaGCTAAGCTGCCAGTTCATTTCTTAGGG,JY_L01_64_FOXP1
64,FOXP1_+_71632918.23-ENST00000318789.4,FOXP1,ENST00000318789.4,GCCGGGAAGCTAGTCCGGAG,2,0.849980612,ATTTTGCCCCTGGTTCTTCCACCTTGTTGGCCGGGAAGCTAGTCCGGAGgtttaagaGCTAAGCTGCCAGTTCATTTCTTAGGG,JY_L01_65_FOXP1
65,FOXP1_+_71633100.23-ENST00000318789.4,FOXP1,ENST00000318789.4,GCCCCGGCGAACGGCAAAGA,3,0.795132586,ATTTTGCCCCTGGTTCTTCCACCTTGTTGGCCCCGGCGAACGGCAAAGAgtttaagaGCTAAGCTGCCAGTTCATTTCTTAGGG,JY_L01_66_FOXP1
66,FOXP1_-_71592612.23-ENST00000475937.1,FOXP1,ENST00000475937.1,GGGCGACTCCTGCTGCACAG,1,0.792874593,ATTTTGCCCCTGGTTCTTCCACCTTGTTGGGGCGACTCCTGCTGCACAGgtttaagaGCTAAGCTGCCAGTTCATTTCTTAGGG,JY_L01_67_FOXP1
67,FOXP1_+_71592655.23-ENST00000475937.1,FOXP1,ENST00000475937.1,GCAGGTGGCTAACCAGGGCT,2,0.748772733,ATTTTGCCCCTGGTTCTTCCACCTTGTTGGCAGGTGGCTAACCAGGGCTgtttaagaGCTAAGCTGCCAGTTCATTTCTTAGGG,JY_L01_68_FOXP1
68,FOXP1_+_71632918.23-ENST00000493089.1,FOXP1,ENST00000493089.1,GCCGGGAAGCTAGTCCGGAG,1,0.930100737,ATTTTGCCCCTGGTTCTTCCACCTTGTTGGCCGGGAAGCTAGTCCGGAGgtttaagaGCTAAGCTGCCAGTTCATTTCTTAGGG,JY_L01_69_FOXP1
69,FOXP1_-_71632959.23-ENST00000493089.1,FOXP1,ENST00000493089.1,GGGAGCCCAGCCAgcgccgg,2,0.85268064,ATTTTGCCCCTGGTTCTTCCACCTTGTTGGGGAGCCCAGCCAgcgccgggtttaagaGCTAAGCTGCCAGTTCATTTCTTAGGG,JY_L01_70_FOXP1
70,FOXP1_+_71632915.23-ENST00000493089.1,FOXP1,ENST00000493089.1,GGGAAGCTAGTCCGGAGCGG,3,0.840449536,ATTTTGCCCCTGGTTCTTCCACCTTGTTGGGGAAGCTAGTCCGGAGCGGgtttaagaGCTAAGCTGCCAGTTCATTTCTTAGGG,JY_L01_71_FOXP1
71,FOXP1_-_71294250.23-ENST00000498215.1,FOXP1,ENST00000498215.1,GGCAGAAGCGAGAGTTCCGT,1,0.824458553,ATTTTGCCCCTGGTTCTTCCACCTTGTTGGGCAGAAGCGAGAGTTCCGTgtttaagaGCTAAGCTGCCAGTTCATTTCTTAGGG,JY_L01_72_FOXP1
72,GGNBP2_-_34900804.23-P1P2,GGNBP2,P1P2,GAGCGGCTGACTGCCCGTAG,1,0.957374015,ATTTTGCCCCTGGTTCTTCCACCTTGTTGGAGCGGCTGACTGCCCGTAGgtttaagaGCTAAGCTGCCAGTTCATTTCTTAGGG,JY_L01_73_GGNBP2
73,GGNBP2_-_34900873.23-P1P2,GGNBP2,P1P2,GGCCTCGTCAGCCAGTAACA,2,0.800626743,ATTTTGCCCCTGGTTCTTCCACCTTGTTGGGCCTCGTCAGCCAGTAACAgtttaagaGCTAAGCTGCCAGTTCATTTCTTAGGG,JY_L01_74_GGNBP2
74,GGNBP2_-_34900817.23-P1P2,GGNBP2,P1P2,GCCGTAGAGGAAACGACATT,3,0.790005293,ATTTTGCCCCTGGTTCTTCCACCTTGTTGGCCGTAGAGGAAACGACATTgtttaagaGCTAAGCTGCCAGTTCATTTCTTAGGG,JY_L01_75_GGNBP2
75,GNAS_-_57466458.23-P1P2,GNAS,P1P2,GgccgAGGCAATAAGAgcgg,1,0.902257494,ATTTTGCCCCTGGTTCTTCCACCTTGTTGGgccgAGGCAATAAGAgcgggtttaagaGCTAAGCTGCCAGTTCATTTCTTAGGG,JY_L01_76_GNAS
76,GNAS_-_57466518.23-P1P2,GNAS,P1P2,GCTGGTCCGCCTCGGCCCGG,2,0.842342042,ATTTTGCCCCTGGTTCTTCCACCTTGTTGGCTGGTCCGCCTCGGCCCGGgtttaagaGCTAAGCTGCCAGTTCATTTCTTAGGG,JY_L01_77_GNAS
77,GNAS_-_57466455.23-P1P2,GNAS,P1P2,GccggccgAGGCAATAAGAg,3,0.828775574,ATTTTGCCCCTGGTTCTTCCACCTTGTTGGccggccgAGGCAATAAGAggtttaagaGCTAAGCTGCCAGTTCATTTCTTAGGG,JY_L01_78_GNAS
78,GRWD1_-_48949282.23-P1P2,GRWD1,P1P2,GGATGGCGGCGCGCAAGGGT,1,0.947479403,ATTTTGCCCCTGGTTCTTCCACCTTGTTGGGATGGCGGCGCGCAAGGGTgtttaagaGCTAAGCTGCCAGTTCATTTCTTAGGG,JY_L01_79_GRWD1
79,GRWD1_-_48949268.23-P1P2,GRWD1,P1P2,GCGAGAGGGTTCGAAGATGG,2,0.901979037,ATTTTGCCCCTGGTTCTTCCACCTTGTTGGCGAGAGGGTTCGAAGATGGgtttaagaGCTAAGCTGCCAGTTCATTTCTTAGGG,JY_L01_80_GRWD1
80,GRWD1_-_48949254.23-P1P2,GRWD1,P1P2,GCCGGGTGTCAGCAGCGAGA,3,0.888247212,ATTTTGCCCCTGGTTCTTCCACCTTGTTGGCCGGGTGTCAGCAGCGAGAgtttaagaGCTAAGCTGCCAGTTCATTTCTTAGGG,JY_L01_81_GRWD1
81,GSPT1_-_12009679.23-P1P2,GSPT1,P1P2,GTGACTGAGGGAAGGCGGCG,1,1.096171847,ATTTTGCCCCTGGTTCTTCCACCTTGTTGGTGACTGAGGGAAGGCGGCGgtttaagaGCTAAGCTGCCAGTTCATTTCTTAGGG,JY_L01_82_GSPT1
82,GSPT1_-_12009714.23-P1P2,GSPT1,P1P2,GAGCTAGCGACAAAGATCCC,2,0.84995756,ATTTTGCCCCTGGTTCTTCCACCTTGTTGGAGCTAGCGACAAAGATCCCgtttaagaGCTAAGCTGCCAGTTCATTTCTTAGGG,JY_L01_83_GSPT1
83,GSPT1_-_12009772.23-P1P2,GSPT1,P1P2,GCTCGCGACGACGACAGAGG,3,0.936610661,ATTTTGCCCCTGGTTCTTCCACCTTGTTGGCTCGCGACGACGACAGAGGgtttaagaGCTAAGCTGCCAGTTCATTTCTTAGGG,JY_L01_84_GSPT1
84,HSPA12A_+_118502029.23-P1P2,HSPA12A,P1P2,GCGCGGACAGAGACCCGCAC,1,0.976609901,ATTTTGCCCCTGGTTCTTCCACCTTGTTGGCGCGGACAGAGACCCGCACgtttaagaGCTAAGCTGCCAGTTCATTTCTTAGGG,JY_L01_85_HSPA12A
85,HSPA12A_+_118502069.23-P1P2,HSPA12A,P1P2,GCTGCCCGGCGGCTCAGACA,2,0.920765183,ATTTTGCCCCTGGTTCTTCCACCTTGTTGGCTGCCCGGCGGCTCAGACAgtttaagaGCTAAGCTGCCAGTTCATTTCTTAGGG,JY_L01_86_HSPA12A
86,HSPA12A_+_118502023.23-P1P2,HSPA12A,P1P2,GCAGAGACCCGCACGGGCAC,3,0.863764638,ATTTTGCCCCTGGTTCTTCCACCTTGTTGGCAGAGACCCGCACGGGCACgtttaagaGCTAAGCTGCCAGTTCATTTCTTAGGG,JY_L01_87_HSPA12A
87,IGFBP3_-_45960825.23-P1P2,IGFBP3,P1P2,GGCGCGAAGCTGTGGAATCC,1,1.041366501,ATTTTGCCCCTGGTTCTTCCACCTTGTTGGGCGCGAAGCTGTGGAATCCgtttaagaGCTAAGCTGCCAGTTCATTTCTTAGGG,JY_L01_88_IGFBP3
88,IGFBP3_-_45960804.23-P1P2,IGFBP3,P1P2,GGGGATGGGGCGACAGTACA,2,1.02333506,ATTTTGCCCCTGGTTCTTCCACCTTGTTGGGGGATGGGGCGACAGTACAgtttaagaGCTAAGCTGCCAGTTCATTTCTTAGGG,JY_L01_89_IGFBP3
89,IGFBP3_+_45960854.23-P1P2,IGFBP3,P1P2,GcgcccAGATGCGAGCACTG,3,0.852006768,ATTTTGCCCCTGGTTCTTCCACCTTGTTGGcgcccAGATGCGAGCACTGgtttaagaGCTAAGCTGCCAGTTCATTTCTTAGGG,JY_L01_90_IGFBP3
90,IGSF3_-_117210309.23-P1P2,IGSF3,P1P2,GATCCAGGCGCACGCCTCAG,1,0.955224259,ATTTTGCCCCTGGTTCTTCCACCTTGTTGGATCCAGGCGCACGCCTCAGgtttaagaGCTAAGCTGCCAGTTCATTTCTTAGGG,JY_L01_91_IGSF3
91,IGSF3_-_117210338.23-P1P2,IGSF3,P1P2,GGCTTCCTCTTCTCCCGCAA,2,0.88724468,ATTTTGCCCCTGGTTCTTCCACCTTGTTGGGCTTCCTCTTCTCCCGCAAgtttaagaGCTAAGCTGCCAGTTCATTTCTTAGGG,JY_L01_92_IGSF3
92,IGSF3_+_117210301.23-P1P2,IGSF3,P1P2,GGGAAGCGGCGCGTCCCCTG,3,0.851127249,ATTTTGCCCCTGGTTCTTCCACCTTGTTGGGGAAGCGGCGCGTCCCCTGgtttaagaGCTAAGCTGCCAGTTCATTTCTTAGGG,JY_L01_93_IGSF3
93,IL17RD_+_57199337.23-P1P2,IL17RD,P1P2,GGCGGCCGGGGCGCAGAGAA,1,0.954556032,ATTTTGCCCCTGGTTCTTCCACCTTGTTGGGCGGCCGGGGCGCAGAGAAgtttaagaGCTAAGCTGCCAGTTCATTTCTTAGGG,JY_L01_94_IL17RD
94,IL17RD_-_57199383.23-P1P2,IL17RD,P1P2,GCCGCTGGCCAGCCCCGAGT,2,0.822980913,ATTTTGCCCCTGGTTCTTCCACCTTGTTGGCCGCTGGCCAGCCCCGAGTgtttaagaGCTAAGCTGCCAGTTCATTTCTTAGGG,JY_L01_95_IL17RD
95,IL17RD_+_57199176.23-P1P2,IL17RD,P1P2,GTGGCTGGAGGGTAAGGCGA,3,0.776965608,ATTTTGCCCCTGGTTCTTCCACCTTGTTGGTGGCTGGAGGGTAAGGCGAgtttaagaGCTAAGCTGCCAGTTCATTTCTTAGGG,JY_L01_96_IL17RD
96,ITGB4_-_73717607.23-P1P2,ITGB4,P1P2,GCTGCAGCCCCATCTCCTAG,1,1.085823591,ATTTTGCCCCTGGTTCTTCCACCTTGTTGGCTGCAGCCCCATCTCCTAGgtttaagaGCTAAGCTGCCAGTTCATTTCTTAGGG,JY_L01_97_ITGB4
97,ITGB4_+_73717592.23-P1P2,ITGB4,P1P2,GGGGCTGCCGCTAGGAGATG,2,1.07198667,ATTTTGCCCCTGGTTCTTCCACCTTGTTGGGGGCTGCCGCTAGGAGATGgtttaagaGCTAAGCTGCCAGTTCATTTCTTAGGG,JY_L01_98_ITGB4
98,ITGB4_+_73717636.23-P1P2,ITGB4,P1P2,GCCGTCCTGGACCTACCTCG,3,1.042078463,ATTTTGCCCCTGGTTCTTCCACCTTGTTGGCCGTCCTGGACCTACCTCGgtttaagaGCTAAGCTGCCAGTTCATTTCTTAGGG,JY_L01_99_ITGB4
99,JUP_+_39942937.23-P1P2,JUP,P1P2,GTGCTGCCTTGGCCAGAGTC,1,0.806965071,ATTTTGCCCCTGGTTCTTCCACCTTGTTGGTGCTGCCTTGGCCAGAGTCgtttaagaGCTAAGCTGCCAGTTCATTTCTTAGGG,JY_L01_100_JUP
100,JUP_-_39942541.23-P1P2,JUP,P1P2,GCAGCCCAGGGCGAGAGTCA,2,0.802896309,ATTTTGCCCCTGGTTCTTCCACCTTGTTGGCAGCCCAGGGCGAGAGTCAgtttaagaGCTAAGCTGCCAGTTCATTTCTTAGGG,JY_L01_101_JUP
101,JUP_-_39942928.23-P1P2,JUP,P1P2,Gtgagctcggcgtggtcggg,3,0.764512923,ATTTTGCCCCTGGTTCTTCCACCTTGTTGGtgagctcggcgtggtcggggtttaagaGCTAAGCTGCCAGTTCATTTCTTAGGG,JY_L01_102_JUP
102,KBTBD8_-_67048791.23-P1P2,KBTBD8,P1P2,GCATCGAGAAATGGCCGCGT,1,0.833305732,ATTTTGCCCCTGGTTCTTCCACCTTGTTGGCATCGAGAAATGGCCGCGTgtttaagaGCTAAGCTGCCAGTTCATTTCTTAGGG,JY_L01_103_KBTBD8
103,KBTBD8_-_67048782.23-P1P2,KBTBD8,P1P2,GTCGGGGCCCCATCGAGAAA,2,0.801147155,ATTTTGCCCCTGGTTCTTCCACCTTGTTGGTCGGGGCCCCATCGAGAAAgtttaagaGCTAAGCTGCCAGTTCATTTCTTAGGG,JY_L01_104_KBTBD8
104,KBTBD8_-_67048799.23-P1P2,KBTBD8,P1P2,GAATGGCCGCGTCGGCAGGT,3,0.757023576,ATTTTGCCCCTGGTTCTTCCACCTTGTTGGAATGGCCGCGTCGGCAGGTgtttaagaGCTAAGCTGCCAGTTCATTTCTTAGGG,JY_L01_105_KBTBD8
105,KCTD17_-_37448001.23-P1P2,KCTD17,P1P2,GTCGGACCGGGTGAGGCCCC,1,1.538563509,ATTTTGCCCCTGGTTCTTCCACCTTGTTGGTCGGACCGGGTGAGGCCCCgtttaagaGCTAAGCTGCCAGTTCATTTCTTAGGG,JY_L01_106_KCTD17
106,KCTD17_+_37448037.23-P1P2,KCTD17,P1P2,GGGCCCGACAGCCCCGCGTC,2,1.253109957,ATTTTGCCCCTGGTTCTTCCACCTTGTTGGGGCCCGACAGCCCCGCGTCgtttaagaGCTAAGCTGCCAGTTCATTTCTTAGGG,JY_L01_107_KCTD17
107,KCTD17_-_37447809.23-P1P2,KCTD17,P1P2,GCCGCGGCCGGCGATGAGGA,3,0.856305124,ATTTTGCCCCTGGTTCTTCCACCTTGTTGGCCGCGGCCGGCGATGAGGAgtttaagaGCTAAGCTGCCAGTTCATTTCTTAGGG,JY_L01_108_KCTD17
108,KIAA0754_-_39874926.23-P1P2,KIAA0754,P1P2,GGCGGCGTGGTGGAGAATAG,1,0.885356636,ATTTTGCCCCTGGTTCTTCCACCTTGTTGGGCGGCGTGGTGGAGAATAGgtttaagaGCTAAGCTGCCAGTTCATTTCTTAGGG,JY_L01_109_KIAA0754
109,KIAA0754_-_39874929.23-P1P2,KIAA0754,P1P2,GGCGTGGTGGAGAATAGAGG,2,0.821742952,ATTTTGCCCCTGGTTCTTCCACCTTGTTGGGCGTGGTGGAGAATAGAGGgtttaagaGCTAAGCTGCCAGTTCATTTCTTAGGG,JY_L01_110_KIAA0754
110,KIAA0754_+_39874815.23-P1P2,KIAA0754,P1P2,GGGAACAAAAGGCTCCGCTA,3,0.772841984,ATTTTGCCCCTGGTTCTTCCACCTTGTTGGGGAACAAAAGGCTCCGCTAgtttaagaGCTAAGCTGCCAGTTCATTTCTTAGGG,JY_L01_111_KIAA0754
111,KIF11_+_94353079.23-P1P2,KIF11,P1P2,GCGCGGACCTGGGCGCTGTG,1,1.061808078,ATTTTGCCCCTGGTTCTTCCACCTTGTTGGCGCGGACCTGGGCGCTGTGgtttaagaGCTAAGCTGCCAGTTCATTTCTTAGGG,JY_L01_112_KIF11
112,KIF11_-_94353272.23-P1P2,KIF11,P1P2,GTGCTGGGCCCCCTACTGCG,2,0.883015654,ATTTTGCCCCTGGTTCTTCCACCTTGTTGGTGCTGGGCCCCCTACTGCGgtttaagaGCTAAGCTGCCAGTTCATTTCTTAGGG,JY_L01_113_KIF11
113,KIF11_-_94352906.23-P1P2,KIF11,P1P2,GTAGTTTCTGGGGATTCGGG,3,0.920480765,ATTTTGCCCCTGGTTCTTCCACCTTGTTGGTAGTTTCTGGGGATTCGGGgtttaagaGCTAAGCTGCCAGTTCATTTCTTAGGG,JY_L01_114_KIF11
114,KIF13B_+_29120558.23-P1P2,KIF13B,P1P2,GAGCCGAACGAGTTCCTCGG,1,1.088264766,ATTTTGCCCCTGGTTCTTCCACCTTGTTGGAGCCGAACGAGTTCCTCGGgtttaagaGCTAAGCTGCCAGTTCATTTCTTAGGG,JY_L01_115_KIF13B
115,KIF13B_+_29120561.23-P1P2,KIF13B,P1P2,GGGAAGCCGAACGAGTTCCT,2,0.903048493,ATTTTGCCCCTGGTTCTTCCACCTTGTTGGGGAAGCCGAACGAGTTCCTgtttaagaGCTAAGCTGCCAGTTCATTTCTTAGGG,JY_L01_116_KIF13B
116,KIF13B_+_29120523.23-P1P2,KIF13B,P1P2,GGACTCCAAAGTGAAAGTGG,3,0.874896755,ATTTTGCCCCTGGTTCTTCCACCTTGTTGGGACTCCAAAGTGAAAGTGGgtttaagaGCTAAGCTGCCAGTTCATTTCTTAGGG,JY_L01_117_KIF13B
117,KIF1A_-_241759571.23-P1P2,KIF1A,P1P2,GACTGGCGGCGGCCCCGCAT,1,0.964660056,ATTTTGCCCCTGGTTCTTCCACCTTGTTGGACTGGCGGCGGCCCCGCATgtttaagaGCTAAGCTGCCAGTTCATTTCTTAGGG,JY_L01_118_KIF1A
118,KIF1A_+_241759532.23-P1P2,KIF1A,P1P2,GCAGTGACGCCGGAGAGGTA,2,0.729782454,ATTTTGCCCCTGGTTCTTCCACCTTGTTGGCAGTGACGCCGGAGAGGTAgtttaagaGCTAAGCTGCCAGTTCATTTCTTAGGG,JY_L01_119_KIF1A
119,KIF1A_-_241759412.23-P1P2,KIF1A,P1P2,GGCGCTTTGGGCGGCAACAA,3,0.70724392,ATTTTGCCCCTGGTTCTTCCACCTTGTTGGGCGCTTTGGGCGGCAACAAgtttaagaGCTAAGCTGCCAGTTCATTTCTTAGGG,JY_L01_120_KIF1A
120,KMT2D_+_49426871.23-P1P2,KMT2D,P1P2,GacagcaAGGGTCCATGGCA,1,0.836908401,ATTTTGCCCCTGGTTCTTCCACCTTGTTGGacagcaAGGGTCCATGGCAgtttaagaGCTAAGCTGCCAGTTCATTTCTTAGGG,JY_L01_121_KMT2D
121,KMT2D_+_49426876.23-P1P2,KMT2D,P1P2,GcaccaacagcaAGGGTCCA,2,0.810940912,ATTTTGCCCCTGGTTCTTCCACCTTGTTGGcaccaacagcaAGGGTCCAgtttaagaGCTAAGCTGCCAGTTCATTTCTTAGGG,JY_L01_122_KMT2D
122,KMT2D_+_49426934.23-P1P2,KMT2D,P1P2,GTCAGGGCCTTATGGGACAC,3,0.808785891,ATTTTGCCCCTGGTTCTTCCACCTTGTTGGTCAGGGCCTTATGGGACACgtttaagaGCTAAGCTGCCAGTTCATTTCTTAGGG,JY_L01_123_KMT2D
123,LAMA5_+_60942322.23-P1P2,LAMA5,P1P2,GGCGCTGTCCCTGGAGCTCG,1,0.93558249,ATTTTGCCCCTGGTTCTTCCACCTTGTTGGGCGCTGTCCCTGGAGCTCGgtttaagaGCTAAGCTGCCAGTTCATTTCTTAGGG,JY_L01_124_LAMA5
124,LAMA5_+_60942289.23-P1P2,LAMA5,P1P2,GAGCCGGGAAGATGGCGAAG,2,0.832087617,ATTTTGCCCCTGGTTCTTCCACCTTGTTGGAGCCGGGAAGATGGCGAAGgtttaagaGCTAAGCTGCCAGTTCATTTCTTAGGG,JY_L01_125_LAMA5
125,LAMA5_-_60942159.23-P1P2,LAMA5,P1P2,GCCTCGGCCAGGTTGAAGTA,3,0.79553505,ATTTTGCCCCTGGTTCTTCCACCTTGTTGGCCTCGGCCAGGTTGAAGTAgtttaagaGCTAAGCTGCCAGTTCATTTCTTAGGG,JY_L01_126_LAMA5
126,LDLR_+_11200273.23-P1P2,LDLR,P1P2,GTTACCTGCAGTCCCCGCCG,1,1.911473867,ATTTTGCCCCTGGTTCTTCCACCTTGTTGGTTACCTGCAGTCCCCGCCGgtttaagaGCTAAGCTGCCAGTTCATTTCTTAGGG,JY_L01_127_LDLR
127,LDLR_-_11200159.23-P1P2,LDLR,P1P2,GGTGCAATCGCGGGAAGCCA,2,0.901241304,ATTTTGCCCCTGGTTCTTCCACCTTGTTGGGTGCAATCGCGGGAAGCCAgtttaagaGCTAAGCTGCCAGTTCATTTCTTAGGG,JY_L01_128_LDLR
128,LDLR_-_11200197.23-P1P2,LDLR,P1P2,GAGCAGGTCGTGATCCGGGT,3,0.887158092,ATTTTGCCCCTGGTTCTTCCACCTTGTTGGAGCAGGTCGTGATCCGGGTgtttaagaGCTAAGCTGCCAGTTCATTTCTTAGGG,JY_L01_129_LDLR
129,LIPT1_+_99771478.23-P1P2,LIPT1,P1P2,GCGTACCCACGGCCTCGTGA,1,1.68322786,ATTTTGCCCCTGGTTCTTCCACCTTGTTGGCGTACCCACGGCCTCGTGAgtttaagaGCTAAGCTGCCAGTTCATTTCTTAGGG,JY_L01_130_LIPT1
130,LIPT1_+_99771489.23-P1P2,LIPT1,P1P2,GCGGCTTCCGGTCGTACCCA,2,0.758140935,ATTTTGCCCCTGGTTCTTCCACCTTGTTGGCGGCTTCCGGTCGTACCCAgtttaagaGCTAAGCTGCCAGTTCATTTCTTAGGG,JY_L01_131_LIPT1
131,LIPT1_-_99771518.23-P1P2,LIPT1,P1P2,GACGACCGGAAGCCGCAGGT,3,0.868155932,ATTTTGCCCCTGGTTCTTCCACCTTGTTGGACGACCGGAAGCCGCAGGTgtttaagaGCTAAGCTGCCAGTTCATTTCTTAGGG,JY_L01_132_LIPT1
132,LRP10_+_23341044.23-P1P2,LRP10,P1P2,GCAGCCAGCGGAGCGCGACA,1,0.968746276,ATTTTGCCCCTGGTTCTTCCACCTTGTTGGCAGCCAGCGGAGCGCGACAgtttaagaGCTAAGCTGCCAGTTCATTTCTTAGGG,JY_L01_133_LRP10
133,LRP10_+_23341035.23-P1P2,LRP10,P1P2,GGAGCGCGACAGGGAAGCGG,2,0.96774142,ATTTTGCCCCTGGTTCTTCCACCTTGTTGGGAGCGCGACAGGGAAGCGGgtttaagaGCTAAGCTGCCAGTTCATTTCTTAGGG,JY_L01_134_LRP10
134,LRP10_+_23341038.23-P1P2,LRP10,P1P2,GGCGGAGCGCGACAGGGAAG,3,0.810128094,ATTTTGCCCCTGGTTCTTCCACCTTGTTGGGCGGAGCGCGACAGGGAAGgtttaagaGCTAAGCTGCCAGTTCATTTCTTAGGG,JY_L01_135_LRP10
135,LRP5_+_68080127.23-P1P2,LRP5,P1P2,GTCACTCGGGCTCCATggcg,1,0.761615956,ATTTTGCCCCTGGTTCTTCCACCTTGTTGGTCACTCGGGCTCCATggcggtttaagaGCTAAGCTGCCAGTTCATTTCTTAGGG,JY_L01_136_LRP5
136,LRP5_+_68080121.23-P1P2,LRP5,P1P2,GGGGCTCCATggcgcggcgg,2,0.747338719,ATTTTGCCCCTGGTTCTTCCACCTTGTTGGGGGCTCCATggcgcggcgggtttaagaGCTAAGCTGCCAGTTCATTTCTTAGGG,JY_L01_137_LRP5
137,LRP5_-_68080086.23-P1P2,LRP5,P1P2,GTGGTccgcggcgcccgagg,3,0.744911635,ATTTTGCCCCTGGTTCTTCCACCTTGTTGGTGGTccgcggcgcccgagggtttaagaGCTAAGCTGCCAGTTCATTTCTTAGGG,JY_L01_138_LRP5
138,LTBP1_+_33359718.23-P1P2,LTBP1,P1P2,GagaGAGCCCACAACCCGAC,1,0.897853823,ATTTTGCCCCTGGTTCTTCCACCTTGTTGGagaGAGCCCACAACCCGACgtttaagaGCTAAGCTGCCAGTTCATTTCTTAGGG,JY_L01_139_LTBP1
139,LTBP1_-_33359699.23-P1P2,LTBP1,P1P2,GACAGAGCAGCGAGCACTGA,2,0.870721887,ATTTTGCCCCTGGTTCTTCCACCTTGTTGGACAGAGCAGCGAGCACTGAgtttaagaGCTAAGCTGCCAGTTCATTTCTTAGGG,JY_L01_140_LTBP1
140,LTBP1_+_33359669.23-P1P2,LTBP1,P1P2,GCTCGCTGCTCTGTATTCAG,3,0.769674391,ATTTTGCCCCTGGTTCTTCCACCTTGTTGGCTCGCTGCTCTGTATTCAGgtttaagaGCTAAGCTGCCAGTTCATTTCTTAGGG,JY_L01_141_LTBP1
141,MAP3K11_+_65381712.23-P1,MAP3K11,P1,GCCCGGGGCCAAAGTACAAA,1,0.834355729,ATTTTGCCCCTGGTTCTTCCACCTTGTTGGCCCGGGGCCAAAGTACAAAgtttaagaGCTAAGCTGCCAGTTCATTTCTTAGGG,JY_L01_142_MAP3K11
142,MAP3K11_+_65381663.23-P1,MAP3K11,P1,GCCGTCGGGGCCAAAGGAGA,2,0.81081435,ATTTTGCCCCTGGTTCTTCCACCTTGTTGGCCGTCGGGGCCAAAGGAGAgtttaagaGCTAAGCTGCCAGTTCATTTCTTAGGG,JY_L01_143_MAP3K11
143,MAP3K11_+_65381706.23-P1,MAP3K11,P1,GGCCAAAGTACAAAGGGAGG,3,0.757978195,ATTTTGCCCCTGGTTCTTCCACCTTGTTGGGCCAAAGTACAAAGGGAGGgtttaagaGCTAAGCTGCCAGTTCATTTCTTAGGG,JY_L01_144_MAP3K11
144,MAP4_-_48130343.23-P1P2,MAP4,P1P2,GTGAGGAGGTAGGAGACGTC,1,0.963380511,ATTTTGCCCCTGGTTCTTCCACCTTGTTGGTGAGGAGGTAGGAGACGTCgtttaagaGCTAAGCTGCCAGTTCATTTCTTAGGG,JY_L01_145_MAP4
145,MAP4_+_48130309.23-P1P2,MAP4,P1P2,GACCTCCTCACGGCTCTTCC,2,0.915174022,ATTTTGCCCCTGGTTCTTCCACCTTGTTGGACCTCCTCACGGCTCTTCCgtttaagaGCTAAGCTGCCAGTTCATTTCTTAGGG,JY_L01_146_MAP4
146,MAP4_-_48130346.23-P1P2,MAP4,P1P2,GGGAGGTAGGAGACGTCGGG,3,0.844947092,ATTTTGCCCCTGGTTCTTCCACCTTGTTGGGGAGGTAGGAGACGTCGGGgtttaagaGCTAAGCTGCCAGTTCATTTCTTAGGG,JY_L01_147_MAP4
147,MAP7_-_136871861.23-P1,MAP7,P1,GGCTCCCGGAGATATGGAGC,1,1.161595199,ATTTTGCCCCTGGTTCTTCCACCTTGTTGGGCTCCCGGAGATATGGAGCgtttaagaGCTAAGCTGCCAGTTCATTTCTTAGGG,JY_L01_148_MAP7
148,MAP7_+_136871813.23-P1,MAP7,P1,GGCTGGTCGGCCGCGGCGAC,2,0.99242295,ATTTTGCCCCTGGTTCTTCCACCTTGTTGGGCTGGTCGGCCGCGGCGACgtttaagaGCTAAGCTGCCAGTTCATTTCTTAGGG,JY_L01_149_MAP7
149,MAP7_+_136871523.23-P1,MAP7,P1,GTGGCGGAGCTAGGAGCTGG,3,1.005178371,ATTTTGCCCCTGGTTCTTCCACCTTGTTGGTGGCGGAGCTAGGAGCTGGgtttaagaGCTAAGCTGCCAGTTCATTTCTTAGGG,JY_L01_150_MAP7
150,MAPK8IP1_-_45921715.23-P1,MAPK8IP1,P1,GCGCGCCGGGCTGCTCTCTg,1,0.932778933,ATTTTGCCCCTGGTTCTTCCACCTTGTTGGCGCGCCGGGCTGCTCTCTggtttaagaGCTAAGCTGCCAGTTCATTTCTTAGGG,JY_L01_151_MAPK8IP1
151,MAPK8IP1_+_45921668.23-P1,MAPK8IP1,P1,GGGCTGCACAGCGCACGGAG,2,0.920116259,ATTTTGCCCCTGGTTCTTCCACCTTGTTGGGGCTGCACAGCGCACGGAGgtttaagaGCTAAGCTGCCAGTTCATTTCTTAGGG,JY_L01_152_MAPK8IP1
152,MAPK8IP1_-_45921719.23-P1,MAPK8IP1,P1,GCCGGGCTGCTCTCTgcggg,3,0.764455621,ATTTTGCCCCTGGTTCTTCCACCTTGTTGGCCGGGCTGCTCTCTgcggggtttaagaGCTAAGCTGCCAGTTCATTTCTTAGGG,JY_L01_153_MAPK8IP1
153,MDK_-_46403338.23-P1P2,MDK,P1P2,Gcggcggcccctggtccgcc,1,2.911905409,ATTTTGCCCCTGGTTCTTCCACCTTGTTGGcggcggcccctggtccgccgtttaagaGCTAAGCTGCCAGTTCATTTCTTAGGG,JY_L01_154_MDK
154,MDK_-_46403297.23-P1P2,MDK,P1P2,GggAGGGAGCGAAGCAGCGC,2,0.892629064,ATTTTGCCCCTGGTTCTTCCACCTTGTTGGggAGGGAGCGAAGCAGCGCgtttaagaGCTAAGCTGCCAGTTCATTTCTTAGGG,JY_L01_155_MDK
155,MDK_-_46403266.23-P1P2,MDK,P1P2,Ggcggcggccggagcgggac,3,0.83358457,ATTTTGCCCCTGGTTCTTCCACCTTGTTGGgcggcggccggagcgggacgtttaagaGCTAAGCTGCCAGTTCATTTCTTAGGG,JY_L01_156_MDK
156,ME3_+_86383360.23-P1P2,ME3,P1P2,GCTCCCCGAGCAGCGCAGGT,1,0.922552643,ATTTTGCCCCTGGTTCTTCCACCTTGTTGGCTCCCCGAGCAGCGCAGGTgtttaagaGCTAAGCTGCCAGTTCATTTCTTAGGG,JY_L01_157_ME3
157,ME3_-_86383153.23-P1P2,ME3,P1P2,GTCCAGCCCCCGCCACTCCT,2,0.804772604,ATTTTGCCCCTGGTTCTTCCACCTTGTTGGTCCAGCCCCCGCCACTCCTgtttaagaGCTAAGCTGCCAGTTCATTTCTTAGGG,JY_L01_158_ME3
158,ME3_+_86383140.23-P1P2,ME3,P1P2,GGGTGGCAGCCGAGGAGTGG,3,0.759092345,ATTTTGCCCCTGGTTCTTCCACCTTGTTGGGGTGGCAGCCGAGGAGTGGgtttaagaGCTAAGCTGCCAGTTCATTTCTTAGGG,JY_L01_159_ME3
159,MFGE8_+_89456598.23-P1P2,MFGE8,P1P2,GAGAAGGCGCCAGAACCCCG,1,0.874319529,ATTTTGCCCCTGGTTCTTCCACCTTGTTGGAGAAGGCGCCAGAACCCCGgtttaagaGCTAAGCTGCCAGTTCATTTCTTAGGG,JY_L01_160_MFGE8
160,MFGE8_-_89456577.23-P1P2,MFGE8,P1P2,GGGGACGCGGGCGCTGGAAT,2,0.858361879,ATTTTGCCCCTGGTTCTTCCACCTTGTTGGGGGACGCGGGCGCTGGAATgtttaagaGCTAAGCTGCCAGTTCATTTCTTAGGG,JY_L01_161_MFGE8
161,MFGE8_-_89456586.23-P1P2,MFGE8,P1P2,GGCGCTGGAATGGGCACGCT,3,0.834088134,ATTTTGCCCCTGGTTCTTCCACCTTGTTGGGCGCTGGAATGGGCACGCTgtttaagaGCTAAGCTGCCAGTTCATTTCTTAGGG,JY_L01_162_MFGE8
162,MIS18BP1_+_45722381.23-P1P2,MIS18BP1,P1P2,GGTGTTAGAGAACGTCGCGG,1,1.038624418,ATTTTGCCCCTGGTTCTTCCACCTTGTTGGGTGTTAGAGAACGTCGCGGgtttaagaGCTAAGCTGCCAGTTCATTTCTTAGGG,JY_L01_163_MIS18BP1
163,MIS18BP1_+_45722332.23-P1P2,MIS18BP1,P1P2,GCCGCGGGCAGGATACACCG,2,1.022839043,ATTTTGCCCCTGGTTCTTCCACCTTGTTGGCCGCGGGCAGGATACACCGgtttaagaGCTAAGCTGCCAGTTCATTTCTTAGGG,JY_L01_164_MIS18BP1
164,MIS18BP1_+_45722347.23-P1P2,MIS18BP1,P1P2,GCTTGGCGCCTGGCCGCCGC,3,0.938536539,ATTTTGCCCCTGGTTCTTCCACCTTGTTGGCTTGGCGCCTGGCCGCCGCgtttaagaGCTAAGCTGCCAGTTCATTTCTTAGGG,JY_L01_165_MIS18BP1
165,MLKL_+_74734747.23-P1P2,MLKL,P1P2,GCAGGGCACCGTGAGCCTGG,1,0.903230269,ATTTTGCCCCTGGTTCTTCCACCTTGTTGGCAGGGCACCGTGAGCCTGGgtttaagaGCTAAGCTGCCAGTTCATTTCTTAGGG,JY_L01_166_MLKL
166,MLKL_+_74734719.23-P1P2,MLKL,P1P2,GGCTGGAGCCACGTCGGAGG,2,0.816906998,ATTTTGCCCCTGGTTCTTCCACCTTGTTGGGCTGGAGCCACGTCGGAGGgtttaagaGCTAAGCTGCCAGTTCATTTCTTAGGG,JY_L01_167_MLKL
167,MLKL_+_74734725.23-P1P2,MLKL,P1P2,GTTGGCAGCTGGAGCCACGT,3,0.800994246,ATTTTGCCCCTGGTTCTTCCACCTTGTTGGTTGGCAGCTGGAGCCACGTgtttaagaGCTAAGCTGCCAGTTCATTTCTTAGGG,JY_L01_168_MLKL
168,MOB3A_+_2096251.23-P1,MOB3A,P1,GGGCCAGTTGGGTACCGGGA,1,0.855995544,ATTTTGCCCCTGGTTCTTCCACCTTGTTGGGGCCAGTTGGGTACCGGGAgtttaagaGCTAAGCTGCCAGTTCATTTCTTAGGG,JY_L01_169_MOB3A
169,MOB3A_+_2096219.23-P1,MOB3A,P1,GGCGGCAGAGGCGATCAGGT,2,0.806902699,ATTTTGCCCCTGGTTCTTCCACCTTGTTGGGCGGCAGAGGCGATCAGGTgtttaagaGCTAAGCTGCCAGTTCATTTCTTAGGG,JY_L01_170_MOB3A
170,MOB3A_+_2096262.23-P1,MOB3A,P1,GGCGGCCGAGGCGGCCAGTT,3,0.804361143,ATTTTGCCCCTGGTTCTTCCACCTTGTTGGGCGGCCGAGGCGGCCAGTTgtttaagaGCTAAGCTGCCAGTTCATTTCTTAGGG,JY_L01_171_MOB3A
171,MYLIP_+_16129342.23-P1P2,MYLIP,P1P2,GCAGCTGCCCCTGTCCTCCG,1,1.154425474,ATTTTGCCCCTGGTTCTTCCACCTTGTTGGCAGCTGCCCCTGTCCTCCGgtttaagaGCTAAGCTGCCAGTTCATTTCTTAGGG,JY_L01_172_MYLIP
172,MYLIP_-_16129356.23-P1P2,MYLIP,P1P2,GGGCGCCACCGCGGAGGACA,2,0.904499132,ATTTTGCCCCTGGTTCTTCCACCTTGTTGGGGCGCCACCGCGGAGGACAgtttaagaGCTAAGCTGCCAGTTCATTTCTTAGGG,JY_L01_173_MYLIP
173,MYLIP_+_16129339.23-P1P2,MYLIP,P1P2,GCTGCCCCTGTCCTCCGCGG,3,0.827635463,ATTTTGCCCCTGGTTCTTCCACCTTGTTGGCTGCCCCTGTCCTCCGCGGgtttaagaGCTAAGCTGCCAGTTCATTTCTTAGGG,JY_L01_174_MYLIP
174,NCS1_+_132934933.23-P1P2,NCS1,P1P2,GTGGATTTCCCCATCCTcgg,1,1.850603173,ATTTTGCCCCTGGTTCTTCCACCTTGTTGGTGGATTTCCCCATCCTcgggtttaagaGCTAAGCTGCCAGTTCATTTCTTAGGG,JY_L01_175_NCS1
175,NCS1_-_132934676.23-P1P2,NCS1,P1P2,GcagcagcgagCATGTGCCG,2,0.820442953,ATTTTGCCCCTGGTTCTTCCACCTTGTTGGcagcagcgagCATGTGCCGgtttaagaGCTAAGCTGCCAGTTCATTTCTTAGGG,JY_L01_176_NCS1
176,NCS1_-_132934691.23-P1P2,NCS1,P1P2,GGCCGCGGAGCCCAGTAACC,3,0.80381015,ATTTTGCCCCTGGTTCTTCCACCTTGTTGGGCCGCGGAGCCCAGTAACCgtttaagaGCTAAGCTGCCAGTTCATTTCTTAGGG,JY_L01_177_NCS1
177,NDRG2_+_21493839.23-P1P2,NDRG2,P1P2,GGTCGGGACGCAGCAAAGAG,1,0.846011091,ATTTTGCCCCTGGTTCTTCCACCTTGTTGGGTCGGGACGCAGCAAAGAGgtttaagaGCTAAGCTGCCAGTTCATTTCTTAGGG,JY_L01_178_NDRG2
178,NDRG2_+_21493504.23-P1P2,NDRG2,P1P2,GAGCCGAGGGATCCCTCTCA,2,0.759832812,ATTTTGCCCCTGGTTCTTCCACCTTGTTGGAGCCGAGGGATCCCTCTCAgtttaagaGCTAAGCTGCCAGTTCATTTCTTAGGG,JY_L01_179_NDRG2
179,NDRG2_-_21493873.23-P1P2,NDRG2,P1P2,GCGTCCCGACGCCTGCTCTC,3,0.756534064,ATTTTGCCCCTGGTTCTTCCACCTTGTTGGCGTCCCGACGCCTGCTCTCgtttaagaGCTAAGCTGCCAGTTCATTTCTTAGGG,JY_L01_180_NDRG2
180,NEMF_+_50319501.23-P1P2,NEMF,P1P2,GGAGTCCGGCCGGGCAGTAG,1,1.00791121,ATTTTGCCCCTGGTTCTTCCACCTTGTTGGGAGTCCGGCCGGGCAGTAGgtttaagaGCTAAGCTGCCAGTTCATTTCTTAGGG,JY_L01_181_NEMF
181,NEMF_+_50319527.23-P1P2,NEMF,P1P2,GCGCCTGCGCGGAGGAGAAG,2,0.997395227,ATTTTGCCCCTGGTTCTTCCACCTTGTTGGCGCCTGCGCGGAGGAGAAGgtttaagaGCTAAGCTGCCAGTTCATTTCTTAGGG,JY_L01_182_NEMF
182,NEMF_+_50319492.23-P1P2,NEMF,P1P2,GCGGGCAGTAGAGGAACTTG,3,0.904887646,ATTTTGCCCCTGGTTCTTCCACCTTGTTGGCGGGCAGTAGAGGAACTTGgtttaagaGCTAAGCTGCCAGTTCATTTCTTAGGG,JY_L01_183_NEMF
183,NFATC2_-_50159227.23-P1,NFATC2,P1,GCGCGCCCGGGGAAGCTGAG,1,0.937331007,ATTTTGCCCCTGGTTCTTCCACCTTGTTGGCGCGCCCGGGGAAGCTGAGgtttaagaGCTAAGCTGCCAGTTCATTTCTTAGGG,JY_L01_184_NFATC2
184,NFATC2_+_50159020.23-P1,NFATC2,P1,GCGCCATGAACGCCCCCGAG,2,0.734960901,ATTTTGCCCCTGGTTCTTCCACCTTGTTGGCGCCATGAACGCCCCCGAGgtttaagaGCTAAGCTGCCAGTTCATTTCTTAGGG,JY_L01_185_NFATC2
185,NFATC2_-_50159180.23-P1,NFATC2,P1,GCGCACGCCGGGTCCGGGGA,3,0.718977398,ATTTTGCCCCTGGTTCTTCCACCTTGTTGGCGCACGCCGGGTCCGGGGAgtttaagaGCTAAGCTGCCAGTTCATTTCTTAGGG,JY_L01_186_NFATC2
186,NHSL1_+_138820534.23-P1,NHSL1,P1,GTCTAAGGATATGAGACCGG,1,1.026862726,ATTTTGCCCCTGGTTCTTCCACCTTGTTGGTCTAAGGATATGAGACCGGgtttaagaGCTAAGCTGCCAGTTCATTTCTTAGGG,JY_L01_187_NHSL1
187,NHSL1_+_138820549.23-P1,NHSL1,P1,GCAGCCTGGGCAGATGTCTA,2,0.848352781,ATTTTGCCCCTGGTTCTTCCACCTTGTTGGCAGCCTGGGCAGATGTCTAgtttaagaGCTAAGCTGCCAGTTCATTTCTTAGGG,JY_L01_188_NHSL1
188,NHSL1_+_138820562.23-P1,NHSL1,P1,GACCTCAGTTACATCAGCCT,3,0.805004119,ATTTTGCCCCTGGTTCTTCCACCTTGTTGGACCTCAGTTACATCAGCCTgtttaagaGCTAAGCTGCCAGTTCATTTCTTAGGG,JY_L01_189_NHSL1
189,NPR2_-_35791781.23-P1P2,NPR2,P1P2,GGGCCGCCGTAGCTCCGGAT,1,0.955346458,ATTTTGCCCCTGGTTCTTCCACCTTGTTGGGGCCGCCGTAGCTCCGGATgtttaagaGCTAAGCTGCCAGTTCATTTCTTAGGG,JY_L01_190_NPR2
190,NPR2_+_35791765.23-P1P2,NPR2,P1P2,GCTGGTCCCATCCGGAGCTA,2,0.953785461,ATTTTGCCCCTGGTTCTTCCACCTTGTTGGCTGGTCCCATCCGGAGCTAgtttaagaGCTAAGCTGCCAGTTCATTTCTTAGGG,JY_L01_191_NPR2
191,NPR2_-_35791755.23-P1P2,NPR2,P1P2,GGCAGAGAGGAGCGGGGACA,3,0.878338124,ATTTTGCCCCTGGTTCTTCCACCTTGTTGGGCAGAGAGGAGCGGGGACAgtttaagaGCTAAGCTGCCAGTTCATTTCTTAGGG,JY_L01_192_NPR2
192,PAQR8_+_52226955.23-P1P2,PAQR8,P1P2,GCCGGCCACGAGCTTCCCGC,1,0.918858499,ATTTTGCCCCTGGTTCTTCCACCTTGTTGGCCGGCCACGAGCTTCCCGCgtttaagaGCTAAGCTGCCAGTTCATTTCTTAGGG,JY_L01_193_PAQR8
193,PAQR8_+_52226940.23-P1P2,PAQR8,P1P2,GCCGCGGGTGGCTGTGACCG,2,0.840183015,ATTTTGCCCCTGGTTCTTCCACCTTGTTGGCCGCGGGTGGCTGTGACCGgtttaagaGCTAAGCTGCCAGTTCATTTCTTAGGG,JY_L01_194_PAQR8
194,PAQR8_-_52226972.23-P1P2,PAQR8,P1P2,GGCCACCCGCGGGAAGCTCG,3,0.83425243,ATTTTGCCCCTGGTTCTTCCACCTTGTTGGGCCACCCGCGGGAAGCTCGgtttaagaGCTAAGCTGCCAGTTCATTTCTTAGGG,JY_L01_195_PAQR8
195,PCDHB14_-_140602978.23-P1P2,PCDHB14,P1P2,GTCGCCTACAGAGCTGCTGG,1,0.846909631,ATTTTGCCCCTGGTTCTTCCACCTTGTTGGTCGCCTACAGAGCTGCTGGgtttaagaGCTAAGCTGCCAGTTCATTTCTTAGGG,JY_L01_196_PCDHB14
196,PCDHB14_-_140602993.23-P1P2,PCDHB14,P1P2,GCTGGAGGATACACTCTCCA,2,0.724583449,ATTTTGCCCCTGGTTCTTCCACCTTGTTGGCTGGAGGATACACTCTCCAgtttaagaGCTAAGCTGCCAGTTCATTTCTTAGGG,JY_L01_197_PCDHB14
197,PCDHB14_-_140603182.23-P1P2,PCDHB14,P1P2,GGAATCTGCACACTATTCTG,3,0.723863798,ATTTTGCCCCTGGTTCTTCCACCTTGTTGGGAATCTGCACACTATTCTGgtttaagaGCTAAGCTGCCAGTTCATTTCTTAGGG,JY_L01_198_PCDHB14
198,PCLO_+_82792115.23-P1P2,PCLO,P1P2,GTGCCTGGCGCTGTCCAACA,1,0.824438786,ATTTTGCCCCTGGTTCTTCCACCTTGTTGGTGCCTGGCGCTGTCCAACAgtttaagaGCTAAGCTGCCAGTTCATTTCTTAGGG,JY_L01_199_PCLO
199,PCLO_+_82792109.23-P1P2,PCLO,P1P2,GGCGCTGTCCAACATGGAGG,2,0.79804995,ATTTTGCCCCTGGTTCTTCCACCTTGTTGGGCGCTGTCCAACATGGAGGgtttaagaGCTAAGCTGCCAGTTCATTTCTTAGGG,JY_L01_200_PCLO
200,PCLO_+_82792153.23-P1P2,PCLO,P1P2,GCGCCGAGGCGGCGTCCGGG,3,0.791927406,ATTTTGCCCCTGGTTCTTCCACCTTGTTGGCGCCGAGGCGGCGTCCGGGgtttaagaGCTAAGCTGCCAGTTCATTTCTTAGGG,JY_L01_201_PCLO
201,PEAK1_+_77712398.23-P1P2,PEAK1,P1P2,GCGGCCGTGGTCACCAGGAA,1,0.889884135,ATTTTGCCCCTGGTTCTTCCACCTTGTTGGCGGCCGTGGTCACCAGGAAgtttaagaGCTAAGCTGCCAGTTCATTTCTTAGGG,JY_L01_202_PEAK1
202,PEAK1_+_77712420.23-P1P2,PEAK1,P1P2,GAGTGTCAGTTGCTCGGCGG,2,0.83322304,ATTTTGCCCCTGGTTCTTCCACCTTGTTGGAGTGTCAGTTGCTCGGCGGgtttaagaGCTAAGCTGCCAGTTCATTTCTTAGGG,JY_L01_203_PEAK1
203,PEAK1_+_77712044.23-P1P2,PEAK1,P1P2,GggagcgcgacgccccccAG,3,0.735882648,ATTTTGCCCCTGGTTCTTCCACCTTGTTGGggagcgcgacgccccccAGgtttaagaGCTAAGCTGCCAGTTCATTTCTTAGGG,JY_L01_204_PEAK1
204,PEX16_+_45939383.23-P1P2,PEX16,P1P2,GTGTCGTACGGTCCTTCTGT,1,0.873308832,ATTTTGCCCCTGGTTCTTCCACCTTGTTGGTGTCGTACGGTCCTTCTGTgtttaagaGCTAAGCTGCCAGTTCATTTCTTAGGG,JY_L01_205_PEX16
205,PEX16_+_45939395.23-P1P2,PEX16,P1P2,GGGCGCCGCAGCCTGTCGTA,2,0.873142568,ATTTTGCCCCTGGTTCTTCCACCTTGTTGGGGCGCCGCAGCCTGTCGTAgtttaagaGCTAAGCTGCCAGTTCATTTCTTAGGG,JY_L01_206_PEX16
206,PEX16_-_45939335.23-P1P2,PEX16,P1P2,GAGTCACGTACTCCTGGTAG,3,0.869478278,ATTTTGCCCCTGGTTCTTCCACCTTGTTGGAGTCACGTACTCCTGGTAGgtttaagaGCTAAGCTGCCAGTTCATTTCTTAGGG,JY_L01_207_PEX16
207,PGK1_-_77359779.23-P1P2,PGK1,P1P2,GAAGCCTCCGGAGCGCACGT,1,1.069689189,ATTTTGCCCCTGGTTCTTCCACCTTGTTGGAAGCCTCCGGAGCGCACGTgtttaagaGCTAAGCTGCCAGTTCATTTCTTAGGG,JY_L01_208_PGK1
208,PGK1_+_77359734.23-P1P2,PGK1,P1P2,GAGAATGCGGAACACCGCGC,2,1.013640041,ATTTTGCCCCTGGTTCTTCCACCTTGTTGGAGAATGCGGAACACCGCGCgtttaagaGCTAAGCTGCCAGTTCATTTCTTAGGG,JY_L01_209_PGK1
209,PGK1_+_77359789.23-P1P2,PGK1,P1P2,GTCGGTGATTCGGTCAACGA,3,0.823281469,ATTTTGCCCCTGGTTCTTCCACCTTGTTGGTCGGTGATTCGGTCAACGAgtttaagaGCTAAGCTGCCAGTTCATTTCTTAGGG,JY_L01_210_PGK1
210,PHLDA1_-_76425321.23-P1P2,PHLDA1,P1P2,GCTGATGCGCCACAAGGTCC,1,1.006820545,ATTTTGCCCCTGGTTCTTCCACCTTGTTGGCTGATGCGCCACAAGGTCCgtttaagaGCTAAGCTGCCAGTTCATTTCTTAGGG,JY_L01_211_PHLDA1
211,PHLDA1_-_76425373.23-P1P2,PHLDA1,P1P2,GCTTGCGAGCGCTCACTGAA,2,0.926524987,ATTTTGCCCCTGGTTCTTCCACCTTGTTGGCTTGCGAGCGCTCACTGAAgtttaagaGCTAAGCTGCCAGTTCATTTCTTAGGG,JY_L01_212_PHLDA1
212,PHLDA1_+_76425308.23-P1P2,PHLDA1,P1P2,GTCGGAGCTCCGGGACCTTG,3,0.81538203,ATTTTGCCCCTGGTTCTTCCACCTTGTTGGTCGGAGCTCCGGGACCTTGgtttaagaGCTAAGCTGCCAGTTCATTTCTTAGGG,JY_L01_213_PHLDA1
213,PITPNA_+_1466054.23-P1P2,PITPNA,P1P2,GGCGGAACCGGAGCTCCGgg,1,0.890215726,ATTTTGCCCCTGGTTCTTCCACCTTGTTGGGCGGAACCGGAGCTCCGgggtttaagaGCTAAGCTGCCAGTTCATTTCTTAGGG,JY_L01_214_PITPNA
214,PITPNA_+_1466025.23-P1P2,PITPNA,P1P2,Gagcggcgcgagaggcgacg,2,0.768799766,ATTTTGCCCCTGGTTCTTCCACCTTGTTGGagcggcgcgagaggcgacggtttaagaGCTAAGCTGCCAGTTCATTTCTTAGGG,JY_L01_215_PITPNA
215,PITPNA_+_1466057.23-P1P2,PITPNA,P1P2,GgcTGCGGAACCGGAGCTCC,3,0.726548379,ATTTTGCCCCTGGTTCTTCCACCTTGTTGGgcTGCGGAACCGGAGCTCCgtttaagaGCTAAGCTGCCAGTTCATTTCTTAGGG,JY_L01_216_PITPNA
216,PNO1_-_68385065.23-P1P2,PNO1,P1P2,GCAGCGCTTTAAGATTTCCG,1,1.913282414,ATTTTGCCCCTGGTTCTTCCACCTTGTTGGCAGCGCTTTAAGATTTCCGgtttaagaGCTAAGCTGCCAGTTCATTTCTTAGGG,JY_L01_217_PNO1
217,PNO1_+_68385073.23-P1P2,PNO1,P1P2,GGCGCTCTGCGTTTCCATTT,2,0.764891385,ATTTTGCCCCTGGTTCTTCCACCTTGTTGGGCGCTCTGCGTTTCCATTTgtttaagaGCTAAGCTGCCAGTTCATTTCTTAGGG,JY_L01_218_PNO1
218,PNO1_+_68385251.23-P1P2,PNO1,P1P2,GCAGGAGCCCGTCCCCACAG,3,0.748942887,ATTTTGCCCCTGGTTCTTCCACCTTGTTGGCAGGAGCCCGTCCCCACAGgtttaagaGCTAAGCTGCCAGTTCATTTCTTAGGG,JY_L01_219_PNO1
219,PPARD_-_35310380.23-P1P2,PPARD,P1P2,GCGCGGACCTGGGGATTAAT,1,0.933966843,ATTTTGCCCCTGGTTCTTCCACCTTGTTGGCGCGGACCTGGGGATTAATgtttaagaGCTAAGCTGCCAGTTCATTTCTTAGGG,JY_L01_220_PPARD
220,PPARD_-_35310354.23-P1P2,PPARD,P1P2,GcgcggAGCGTGTGACGCTG,2,0.777511051,ATTTTGCCCCTGGTTCTTCCACCTTGTTGGcgcggAGCGTGTGACGCTGgtttaagaGCTAAGCTGCCAGTTCATTTCTTAGGG,JY_L01_221_PPARD
221,PPARD_-_35310604.23-P1P2,PPARD,P1P2,GGGGTCCGCGGACAGCGTCA,3,0.738565223,ATTTTGCCCCTGGTTCTTCCACCTTGTTGGGGGTCCGCGGACAGCGTCAgtttaagaGCTAAGCTGCCAGTTCATTTCTTAGGG,JY_L01_222_PPARD
222,PPP1R2_-_195270091.23-P1P2,PPP1R2,P1P2,GGCCACTGCCACTTGACCCG,1,0.906346332,ATTTTGCCCCTGGTTCTTCCACCTTGTTGGGCCACTGCCACTTGACCCGgtttaagaGCTAAGCTGCCAGTTCATTTCTTAGGG,JY_L01_223_PPP1R2
223,PPP1R2_+_195270106.23-P1P2,PPP1R2,P1P2,GCTGCGCTGGAGCTCTAGGC,2,0.8904231,ATTTTGCCCCTGGTTCTTCCACCTTGTTGGCTGCGCTGGAGCTCTAGGCgtttaagaGCTAAGCTGCCAGTTCATTTCTTAGGG,JY_L01_224_PPP1R2
224,PPP1R2_+_195270077.23-P1P2,PPP1R2,P1P2,GCCGCGAGCCGCGGGTCAAG,3,0.771545003,ATTTTGCCCCTGGTTCTTCCACCTTGTTGGCCGCGAGCCGCGGGTCAAGgtttaagaGCTAAGCTGCCAGTTCATTTCTTAGGG,JY_L01_225_PPP1R2
225,PRR12_+_50094895.23-P1P2,PRR12,P1P2,GGTCCATGAATTGGCCGCGG,1,0.899239539,ATTTTGCCCCTGGTTCTTCCACCTTGTTGGGTCCATGAATTGGCCGCGGgtttaagaGCTAAGCTGCCAGTTCATTTCTTAGGG,JY_L01_226_PRR12
226,PRR12_-_50094492.23-P1P2,PRR12,P1P2,GTGCACCGTGAGCGCAGAGG,2,1.048883626,ATTTTGCCCCTGGTTCTTCCACCTTGTTGGTGCACCGTGAGCGCAGAGGgtttaagaGCTAAGCTGCCAGTTCATTTCTTAGGG,JY_L01_227_PRR12
227,PRR12_-_50094469.23-P1P2,PRR12,P1P2,GcAGCCGCCTTGTGCAAAGA,3,0.828787496,ATTTTGCCCCTGGTTCTTCCACCTTGTTGGcAGCCGCCTTGTGCAAAGAgtttaagaGCTAAGCTGCCAGTTCATTTCTTAGGG,JY_L01_228_PRR12
228,PTPN7_+_202129509.23-P1P2,PTPN7,P1P2,GACCTGATGTCCCCAAGACG,1,0.955530706,ATTTTGCCCCTGGTTCTTCCACCTTGTTGGACCTGATGTCCCCAAGACGgtttaagaGCTAAGCTGCCAGTTCATTTCTTAGGG,JY_L01_229_PTPN7
229,PTPN7_+_202129592.23-P1P2,PTPN7,P1P2,GGATATAAGAGGGCATCTCT,2,0.873286812,ATTTTGCCCCTGGTTCTTCCACCTTGTTGGGATATAAGAGGGCATCTCTgtttaagaGCTAAGCTGCCAGTTCATTTCTTAGGG,JY_L01_230_PTPN7
230,PTPN7_-_202128782.23-P1P2,PTPN7,P1P2,GCAGTCTCGGGGTAGAGTAA,3,0.70297218,ATTTTGCCCCTGGTTCTTCCACCTTGTTGGCAGTCTCGGGGTAGAGTAAgtttaagaGCTAAGCTGCCAGTTCATTTCTTAGGG,JY_L01_231_PTPN7
231,RGL3_+_11529962.23-P1P2,RGL3,P1P2,GcggcgccACTGAGAGGGAC,1,1.048249894,ATTTTGCCCCTGGTTCTTCCACCTTGTTGGcggcgccACTGAGAGGGACgtttaagaGCTAAGCTGCCAGTTCATTTCTTAGGG,JY_L01_232_RGL3
232,RGL3_-_11529978.23-P1P2,RGL3,P1P2,GCGGCGCCCGTCCCTCTCAG,2,1.013367228,ATTTTGCCCCTGGTTCTTCCACCTTGTTGGCGGCGCCCGTCCCTCTCAGgtttaagaGCTAAGCTGCCAGTTCATTTCTTAGGG,JY_L01_233_RGL3
233,RGL3_+_11529981.23-P1P2,RGL3,P1P2,Ggcccttccgcctcactcag,3,0.966759397,ATTTTGCCCCTGGTTCTTCCACCTTGTTGGgcccttccgcctcactcaggtttaagaGCTAAGCTGCCAGTTCATTTCTTAGGG,JY_L01_234_RGL3
234,RMND1_+_151773104.23-P1P2,RMND1,P1P2,GCAGCTCGAGTGGTCCGGCT,1,1.05251118,ATTTTGCCCCTGGTTCTTCCACCTTGTTGGCAGCTCGAGTGGTCCGGCTgtttaagaGCTAAGCTGCCAGTTCATTTCTTAGGG,JY_L01_235_RMND1
235,RMND1_-_151773050.23-P1P2,RMND1,P1P2,GCAAAGGGTCACAGCCGCAC,2,0.993003356,ATTTTGCCCCTGGTTCTTCCACCTTGTTGGCAAAGGGTCACAGCCGCACgtttaagaGCTAAGCTGCCAGTTCATTTCTTAGGG,JY_L01_236_RMND1
236,RMND1_+_151773226.23-P1P2,RMND1,P1P2,GGCTGCAGTAGTGAGAGGCT,3,0.813623408,ATTTTGCCCCTGGTTCTTCCACCTTGTTGGGCTGCAGTAGTGAGAGGCTgtttaagaGCTAAGCTGCCAGTTCATTTCTTAGGG,JY_L01_237_RMND1
237,S100A10_-_151966277.23-P1,S100A10,P1,GAGCTGGGCGAGCTGGACGC,1,0.910263901,ATTTTGCCCCTGGTTCTTCCACCTTGTTGGAGCTGGGCGAGCTGGACGCgtttaagaGCTAAGCTGCCAGTTCATTTCTTAGGG,JY_L01_238_S100A10
238,S100A10_+_151966307.23-P1,S100A10,P1,GCCGCCGCACGTACTAAGGA,2,0.909371974,ATTTTGCCCCTGGTTCTTCCACCTTGTTGGCCGCCGCACGTACTAAGGAgtttaagaGCTAAGCTGCCAGTTCATTTCTTAGGG,JY_L01_239_S100A10
239,S100A10_-_151966262.23-P1,S100A10,P1,GGGCGGACGCTGGGCGAGCT,3,0.827184915,ATTTTGCCCCTGGTTCTTCCACCTTGTTGGGGCGGACGCTGGGCGAGCTgtttaagaGCTAAGCTGCCAGTTCATTTCTTAGGG,JY_L01_240_S100A10
240,S100A6_-_153508426.23-P1P2,S100A6,P1P2,GGCTCCTGGAGAGAACTCAC,1,1.137436273,ATTTTGCCCCTGGTTCTTCCACCTTGTTGGGCTCCTGGAGAGAACTCACgtttaagaGCTAAGCTGCCAGTTCATTTCTTAGGG,JY_L01_241_S100A6
241,S100A6_-_153508431.23-P1P2,S100A6,P1P2,GTGGAGAGAACTCACCGGTA,2,1.059410553,ATTTTGCCCCTGGTTCTTCCACCTTGTTGGTGGAGAGAACTCACCGGTAgtttaagaGCTAAGCTGCCAGTTCATTTCTTAGGG,JY_L01_242_S100A6
242,S100A6_-_153508434.23-P1P2,S100A6,P1P2,GAGAGAACTCACCGGTAGGG,3,0.989602947,ATTTTGCCCCTGGTTCTTCCACCTTGTTGGAGAGAACTCACCGGTAGGGgtttaagaGCTAAGCTGCCAGTTCATTTCTTAGGG,JY_L01_243_S100A6
243,SCML1_-_17755620.23-P1P2,SCML1,P1P2,GAGCTCTCTGATCCACTCAG,1,0.982327357,ATTTTGCCCCTGGTTCTTCCACCTTGTTGGAGCTCTCTGATCCACTCAGgtttaagaGCTAAGCTGCCAGTTCATTTCTTAGGG,JY_L01_244_SCML1
244,SCML1_-_17755635.23-P1P2,SCML1,P1P2,GTCAGGGGTCAGGGCATCAC,2,0.915466438,ATTTTGCCCCTGGTTCTTCCACCTTGTTGGTCAGGGGTCAGGGCATCACgtttaagaGCTAAGCTGCCAGTTCATTTCTTAGGG,JY_L01_245_SCML1
245,SCML1_-_17755626.23-P1P2,SCML1,P1P2,GCTGATCCACTCAGGGGTCA,3,0.75326328,ATTTTGCCCCTGGTTCTTCCACCTTGTTGGCTGATCCACTCAGGGGTCAgtttaagaGCTAAGCTGCCAGTTCATTTCTTAGGG,JY_L01_246_SCML1
246,SCNN1A_+_6484591.23-P1P2,SCNN1A,P1P2,GCCAGCCGCAACCTGGGAGT,1,0.894925241,ATTTTGCCCCTGGTTCTTCCACCTTGTTGGCCAGCCGCAACCTGGGAGTgtttaagaGCTAAGCTGCCAGTTCATTTCTTAGGG,JY_L01_247_SCNN1A
247,SCNN1A_+_6484597.23-P1P2,SCNN1A,P1P2,GCCCAGTCCAGCCGCAACCT,2,0.751232996,ATTTTGCCCCTGGTTCTTCCACCTTGTTGGCCCAGTCCAGCCGCAACCTgtttaagaGCTAAGCTGCCAGTTCATTTCTTAGGG,JY_L01_248_SCNN1A
248,SCNN1A_+_6484231.23-P1P2,SCNN1A,P1P2,GCAGAGGAGAGGCCGTTCTA,3,0.714383011,ATTTTGCCCCTGGTTCTTCCACCTTGTTGGCAGAGGAGAGGCCGTTCTAgtttaagaGCTAAGCTGCCAGTTCATTTCTTAGGG,JY_L01_249_SCNN1A
249,SERPINA1_+_94854859.23-P1,SERPINA1,P1,GACTGCGAGAGGTTCTGGAG,1,0.925704452,ATTTTGCCCCTGGTTCTTCCACCTTGTTGGACTGCGAGAGGTTCTGGAGgtttaagaGCTAAGCTGCCAGTTCATTTCTTAGGG,JY_L01_250_SERPINA1
250,SERPINA1_-_94854886.23-P1,SERPINA1,P1,GCAGAACCTCTCGCAGTGAA,2,0.885139487,ATTTTGCCCCTGGTTCTTCCACCTTGTTGGCAGAACCTCTCGCAGTGAAgtttaagaGCTAAGCTGCCAGTTCATTTCTTAGGG,JY_L01_251_SERPINA1
251,SERPINA1_-_94854918.23-P1,SERPINA1,P1,GATTCACTGTCCCAGGTCAG,3,0.78582792,ATTTTGCCCCTGGTTCTTCCACCTTGTTGGATTCACTGTCCCAGGTCAGgtttaagaGCTAAGCTGCCAGTTCATTTCTTAGGG,JY_L01_252_SERPINA1
252,SF3B2_-_65820053.23-P1P2,SF3B2,P1P2,GAAGCGGAGCCTGGTTACCC,1,1.565266328,ATTTTGCCCCTGGTTCTTCCACCTTGTTGGAAGCGGAGCCTGGTTACCCgtttaagaGCTAAGCTGCCAGTTCATTTCTTAGGG,JY_L01_253_SF3B2
253,SF3B2_+_65819920.23-P1P2,SF3B2,P1P2,GGGCAGCCCAGGCGCCATAG,2,0.82232342,ATTTTGCCCCTGGTTCTTCCACCTTGTTGGGGCAGCCCAGGCGCCATAGgtttaagaGCTAAGCTGCCAGTTCATTTCTTAGGG,JY_L01_254_SF3B2
254,SF3B2_-_65819864.23-P1P2,SF3B2,P1P2,GCCTGCGGCTAAGATGGCGA,3,0.924500558,ATTTTGCCCCTGGTTCTTCCACCTTGTTGGCCTGCGGCTAAGATGGCGAgtttaagaGCTAAGCTGCCAGTTCATTTCTTAGGG,JY_L01_255_SF3B2
255,SH3BGRL3_+_26606638.23-P1P2,SH3BGRL3,P1P2,GCGCAGGCCGCTCATGCTGG,1,0.908412235,ATTTTGCCCCTGGTTCTTCCACCTTGTTGGCGCAGGCCGCTCATGCTGGgtttaagaGCTAAGCTGCCAGTTCATTTCTTAGGG,JY_L01_256_SH3BGRL3
256,SH3BGRL3_-_26606571.23-P1P2,SH3BGRL3,P1P2,GAAACCGCTCCCGAGCACGG,2,0.84003069,ATTTTGCCCCTGGTTCTTCCACCTTGTTGGAAACCGCTCCCGAGCACGGgtttaagaGCTAAGCTGCCAGTTCATTTCTTAGGG,JY_L01_257_SH3BGRL3
257,SH3BGRL3_+_26606618.23-P1P2,SH3BGRL3,P1P2,GGGTAGACAGACGGGCCGGC,3,0.839243221,ATTTTGCCCCTGGTTCTTCCACCTTGTTGGGGTAGACAGACGGGCCGGCgtttaagaGCTAAGCTGCCAGTTCATTTCTTAGGG,JY_L01_258_SH3BGRL3
258,SH3BP4_+_235860714.23-P1P2,SH3BP4,P1P2,Gggctccgcgggactcacgg,1,1.085168771,ATTTTGCCCCTGGTTCTTCCACCTTGTTGGggctccgcgggactcacgggtttaagaGCTAAGCTGCCAGTTCATTTCTTAGGG,JY_L01_259_SH3BP4
259,SH3BP4_+_235860717.23-P1P2,SH3BP4,P1P2,Gcgcggctccgcgggactca,2,0.963320095,ATTTTGCCCCTGGTTCTTCCACCTTGTTGGcgcggctccgcgggactcagtttaagaGCTAAGCTGCCAGTTCATTTCTTAGGG,JY_L01_260_SH3BP4
260,SH3BP4_-_235860731.23-P1P2,SH3BP4,P1P2,Ggccgccgccgtgagtcccg,3,0.878312459,ATTTTGCCCCTGGTTCTTCCACCTTGTTGGgccgccgccgtgagtcccggtttaagaGCTAAGCTGCCAGTTCATTTCTTAGGG,JY_L01_261_SH3BP4
261,SH3KBP1_+_19905629.23-P1P2,SH3KBP1,P1P2,Gagcagcaggagtcgccccg,1,1.037077784,ATTTTGCCCCTGGTTCTTCCACCTTGTTGGagcagcaggagtcgccccggtttaagaGCTAAGCTGCCAGTTCATTTCTTAGGG,JY_L01_262_SH3KBP1
262,SH3KBP1_-_19905471.23-P1P2,SH3KBP1,P1P2,GGCCGAGGCAGCGTGAAAGT,2,0.759463774,ATTTTGCCCCTGGTTCTTCCACCTTGTTGGGCCGAGGCAGCGTGAAAGTgtttaagaGCTAAGCTGCCAGTTCATTTCTTAGGG,JY_L01_263_SH3KBP1
263,SH3KBP1_+_19905685.23-P1P2,SH3KBP1,P1P2,GTCGCGGGGAGCAGGAAACC,3,0.749200953,ATTTTGCCCCTGGTTCTTCCACCTTGTTGGTCGCGGGGAGCAGGAAACCgtttaagaGCTAAGCTGCCAGTTCATTTCTTAGGG,JY_L01_264_SH3KBP1
264,SIPA1L3_-_38397940.23-P1P2,SIPA1L3,P1P2,GTGGCGGCGTCTCCAGCGAG,1,0.93701269,ATTTTGCCCCTGGTTCTTCCACCTTGTTGGTGGCGGCGTCTCCAGCGAGgtttaagaGCTAAGCTGCCAGTTCATTTCTTAGGG,JY_L01_265_SIPA1L3
265,SIPA1L3_-_38397888.23-P1P2,SIPA1L3,P1P2,GCGCGAAGCGGCTTGGAAGT,2,0.893432057,ATTTTGCCCCTGGTTCTTCCACCTTGTTGGCGCGAAGCGGCTTGGAAGTgtttaagaGCTAAGCTGCCAGTTCATTTCTTAGGG,JY_L01_266_SIPA1L3
266,SIPA1L3_+_38397892.23-P1P2,SIPA1L3,P1P2,GGGTGGCCCGAGTGACTTCC,3,0.863357449,ATTTTGCCCCTGGTTCTTCCACCTTGTTGGGGTGGCCCGAGTGACTTCCgtttaagaGCTAAGCTGCCAGTTCATTTCTTAGGG,JY_L01_267_SIPA1L3
267,SLC35C2_+_44993000.23-P1P2,SLC35C2,P1P2,GTCCCAGGGCCGAGGTGAGT,1,1.05081114,ATTTTGCCCCTGGTTCTTCCACCTTGTTGGTCCCAGGGCCGAGGTGAGTgtttaagaGCTAAGCTGCCAGTTCATTTCTTAGGG,JY_L01_268_SLC35C2
268,SLC35C2_+_44993014.23-P1P2,SLC35C2,P1P2,GTTCCGGCCTGGAGCTCCCA,2,0.993927375,ATTTTGCCCCTGGTTCTTCCACCTTGTTGGTTCCGGCCTGGAGCTCCCAgtttaagaGCTAAGCTGCCAGTTCATTTCTTAGGG,JY_L01_269_SLC35C2
269,SLC35C2_-_44993047.23-P1P2,SLC35C2,P1P2,GCAGGCCGGAATCTCCCCAC,3,0.926102888,ATTTTGCCCCTGGTTCTTCCACCTTGTTGGCAGGCCGGAATCTCCCCACgtttaagaGCTAAGCTGCCAGTTCATTTCTTAGGG,JY_L01_270_SLC35C2
270,SNRPD1_+_19192288.23-P1P2,SNRPD1,P1P2,GCCGGAAGCGCCTACTCCAG,1,1.130255734,ATTTTGCCCCTGGTTCTTCCACCTTGTTGGCCGGAAGCGCCTACTCCAGgtttaagaGCTAAGCTGCCAGTTCATTTCTTAGGG,JY_L01_271_SNRPD1
271,SNRPD1_-_19192410.23-P1P2,SNRPD1,P1P2,GGATGAAGCTCGTGAGGTGA,2,0.894495947,ATTTTGCCCCTGGTTCTTCCACCTTGTTGGGATGAAGCTCGTGAGGTGAgtttaagaGCTAAGCTGCCAGTTCATTTCTTAGGG,JY_L01_272_SNRPD1
272,SNRPD1_+_19192306.23-P1P2,SNRPD1,P1P2,GCGACTGCAGTATGAATGGC,3,0.743875216,ATTTTGCCCCTGGTTCTTCCACCTTGTTGGCGACTGCAGTATGAATGGCgtttaagaGCTAAGCTGCCAGTTCATTTCTTAGGG,JY_L01_273_SNRPD1
273,SORBS2_+_186577836.23-P1,SORBS2,P1,GGCTGGCTGACCAAGTCCAC,1,0.941323793,ATTTTGCCCCTGGTTCTTCCACCTTGTTGGGCTGGCTGACCAAGTCCACgtttaagaGCTAAGCTGCCAGTTCATTTCTTAGGG,JY_L01_274_SORBS2
274,SORBS2_+_186577657.23-P1,SORBS2,P1,GTCCCCTGGAATGCAGACCT,2,0.885920441,ATTTTGCCCCTGGTTCTTCCACCTTGTTGGTCCCCTGGAATGCAGACCTgtttaagaGCTAAGCTGCCAGTTCATTTCTTAGGG,JY_L01_275_SORBS2
275,SORBS2_+_186577797.23-P1,SORBS2,P1,GAGCCGGGAGAAGGAAGCCG,3,0.879566016,ATTTTGCCCCTGGTTCTTCCACCTTGTTGGAGCCGGGAGAAGGAAGCCGgtttaagaGCTAAGCTGCCAGTTCATTTCTTAGGG,JY_L01_276_SORBS2
276,SOX9_-_70117175.23-P1P2,SOX9,P1P2,GGGAGTTGGAGAGCCGAAAG,1,0.913540937,ATTTTGCCCCTGGTTCTTCCACCTTGTTGGGGAGTTGGAGAGCCGAAAGgtttaagaGCTAAGCTGCCAGTTCATTTCTTAGGG,JY_L01_277_SOX9
277,SOX9_-_70117192.23-P1P2,SOX9,P1P2,GAGCGGAGCTCGAAACTGAC,2,0.818958308,ATTTTGCCCCTGGTTCTTCCACCTTGTTGGAGCGGAGCTCGAAACTGACgtttaagaGCTAAGCTGCCAGTTCATTTCTTAGGG,JY_L01_278_SOX9
278,SOX9_+_70117325.23-P1P2,SOX9,P1P2,GAGCTGCCCGCTCCAAGTGG,3,0.718268008,ATTTTGCCCCTGGTTCTTCCACCTTGTTGGAGCTGCCCGCTCCAAGTGGgtttaagaGCTAAGCTGCCAGTTCATTTCTTAGGG,JY_L01_279_SOX9
279,TGFB1I1_+_31483507.23-P1P2,TGFB1I1,P1P2,GCACTCACCCAGGTCCTCCA,1,0.91829849,ATTTTGCCCCTGGTTCTTCCACCTTGTTGGCACTCACCCAGGTCCTCCAgtttaagaGCTAAGCTGCCAGTTCATTTCTTAGGG,JY_L01_280_TGFB1I1
280,TGFB1I1_-_31483522.23-P1P2,TGFB1I1,P1P2,GgccccgccATGGAGGACCT,2,0.851513948,ATTTTGCCCCTGGTTCTTCCACCTTGTTGGgccccgccATGGAGGACCTgtttaagaGCTAAGCTGCCAGTTCATTTCTTAGGG,JY_L01_281_TGFB1I1
281,TGFB1I1_+_31483517.23-P1P2,TGFB1I1,P1P2,GGATCCGGCCCCACTCACCC,3,0.808575435,ATTTTGCCCCTGGTTCTTCCACCTTGTTGGGATCCGGCCCCACTCACCCgtttaagaGCTAAGCTGCCAGTTCATTTCTTAGGG,JY_L01_282_TGFB1I1
282,TGFBI_+_135364702.23-P1,TGFBI,P1,GGAGCGAGCTAGCGACCGAC,1,0.987816626,ATTTTGCCCCTGGTTCTTCCACCTTGTTGGGAGCGAGCTAGCGACCGACgtttaagaGCTAAGCTGCCAGTTCATTTCTTAGGG,JY_L01_283_TGFBI
283,TGFBI_+_135364737.23-P1,TGFBI,P1,GCACGAAGAGCGCCATGGAG,2,0.930216079,ATTTTGCCCCTGGTTCTTCCACCTTGTTGGCACGAAGAGCGCCATGGAGgtttaagaGCTAAGCTGCCAGTTCATTTCTTAGGG,JY_L01_284_TGFBI
284,TGFBI_+_135364694.23-P1,TGFBI,P1,GTAGCGACCGACGGGCAAGC,3,0.852414387,ATTTTGCCCCTGGTTCTTCCACCTTGTTGGTAGCGACCGACGGGCAAGCgtttaagaGCTAAGCTGCCAGTTCATTTCTTAGGG,JY_L01_285_TGFBI
285,TIFA_+_113207012.23-P1P2,TIFA,P1P2,GGACGTGCTCTGCCAGCCAG,1,0.874093475,ATTTTGCCCCTGGTTCTTCCACCTTGTTGGGACGTGCTCTGCCAGCCAGgtttaagaGCTAAGCTGCCAGTTCATTTCTTAGGG,JY_L01_286_TIFA
286,TIFA_+_113206971.23-P1P2,TIFA,P1P2,GGGGAGCGCGGGAGGATCGG,2,0.846752044,ATTTTGCCCCTGGTTCTTCCACCTTGTTGGGGGAGCGCGGGAGGATCGGgtttaagaGCTAAGCTGCCAGTTCATTTCTTAGGG,JY_L01_287_TIFA
287,TIFA_+_113206974.23-P1P2,TIFA,P1P2,GCGCGGGAGCGCGGGAGGAT,3,0.788050362,ATTTTGCCCCTGGTTCTTCCACCTTGTTGGCGCGGGAGCGCGGGAGGATgtttaagaGCTAAGCTGCCAGTTCATTTCTTAGGG,JY_L01_288_TIFA
288,TMEM41B_+_9336110.23-P1P2,TMEM41B,P1P2,GCGCTGGGCTGAGGTCGTCT,1,0.917615618,ATTTTGCCCCTGGTTCTTCCACCTTGTTGGCGCTGGGCTGAGGTCGTCTgtttaagaGCTAAGCTGCCAGTTCATTTCTTAGGG,JY_L01_289_TMEM41B
289,TMEM41B_+_9336101.23-P1P2,TMEM41B,P1P2,GGAGGTCGTCTCGGGTGAGG,2,0.833674231,ATTTTGCCCCTGGTTCTTCCACCTTGTTGGGAGGTCGTCTCGGGTGAGGgtttaagaGCTAAGCTGCCAGTTCATTTCTTAGGG,JY_L01_290_TMEM41B
290,TMEM41B_+_9336125.23-P1P2,TMEM41B,P1P2,GGGAGGTTGCAGTACTCGCT,3,0.788216252,ATTTTGCCCCTGGTTCTTCCACCTTGTTGGGGAGGTTGCAGTACTCGCTgtttaagaGCTAAGCTGCCAGTTCATTTCTTAGGG,JY_L01_291_TMEM41B
291,TRAIP_-_49893882.23-P1P2,TRAIP,P1P2,GTAGTGCACAGAGCACGGAT,1,0.858243329,ATTTTGCCCCTGGTTCTTCCACCTTGTTGGTAGTGCACAGAGCACGGATgtttaagaGCTAAGCTGCCAGTTCATTTCTTAGGG,JY_L01_292_TRAIP
292,TRAIP_-_49893903.23-P1P2,TRAIP,P1P2,GGCATGATGGCTGGACTCAA,2,0.782104497,ATTTTGCCCCTGGTTCTTCCACCTTGTTGGGCATGATGGCTGGACTCAAgtttaagaGCTAAGCTGCCAGTTCATTTCTTAGGG,JY_L01_293_TRAIP
293,TRAIP_-_49893890.23-P1P2,TRAIP,P1P2,GAGAGCACGGATAGGCATGA,3,0.715708548,ATTTTGCCCCTGGTTCTTCCACCTTGTTGGAGAGCACGGATAGGCATGAgtttaagaGCTAAGCTGCCAGTTCATTTCTTAGGG,JY_L01_294_TRAIP
294,TRMT10B_+_37753858.23-P1P2,TRMT10B,P1P2,GAGCCAGCCCCCTTAACCAG,1,0.896096872,ATTTTGCCCCTGGTTCTTCCACCTTGTTGGAGCCAGCCCCCTTAACCAGgtttaagaGCTAAGCTGCCAGTTCATTTCTTAGGG,JY_L01_295_TRMT10B
295,TRMT10B_+_37753817.23-P1P2,TRMT10B,P1P2,GCACCCCCACGCAGCGGCAG,2,0.815730166,ATTTTGCCCCTGGTTCTTCCACCTTGTTGGCACCCCCACGCAGCGGCAGgtttaagaGCTAAGCTGCCAGTTCATTTCTTAGGG,JY_L01_296_TRMT10B
296,TRMT10B_-_37753873.23-P1P2,TRMT10B,P1P2,GCGCTGTCCGCTGGTTAAGG,3,0.799875496,ATTTTGCCCCTGGTTCTTCCACCTTGTTGGCGCTGTCCGCTGGTTAAGGgtttaagaGCTAAGCTGCCAGTTCATTTCTTAGGG,JY_L01_297_TRMT10B
297,TRMT6_+_5931087.23-P1P2,TRMT6,P1P2,GGGCGACAACCGAGGAGGAG,1,0.98596379,ATTTTGCCCCTGGTTCTTCCACCTTGTTGGGGCGACAACCGAGGAGGAGgtttaagaGCTAAGCTGCCAGTTCATTTCTTAGGG,JY_L01_298_TRMT6
298,TRMT6_+_5931092.23-P1P2,TRMT6,P1P2,GGCGGTGGCGACAACCGAGG,2,0.892768341,ATTTTGCCCCTGGTTCTTCCACCTTGTTGGGCGGTGGCGACAACCGAGGgtttaagaGCTAAGCTGCCAGTTCATTTCTTAGGG,JY_L01_299_TRMT6
299,TRMT6_-_5931159.23-P1P2,TRMT6,P1P2,GGCACTAGGAGCCCTCCGAC,3,0.882734242,ATTTTGCCCCTGGTTCTTCCACCTTGTTGGGCACTAGGAGCCCTCCGACgtttaagaGCTAAGCTGCCAGTTCATTTCTTAGGG,JY_L01_300_TRMT6
300,TTC8_+_89291002.23-P1P2,TTC8,P1P2,GAGCGCTCCAGGAGAGAGGT,1,0.993512628,ATTTTGCCCCTGGTTCTTCCACCTTGTTGGAGCGCTCCAGGAGAGAGGTgtttaagaGCTAAGCTGCCAGTTCATTTCTTAGGG,JY_L01_301_TTC8
301,TTC8_+_89290984.23-P1P2,TTC8,P1P2,GTGGGCGTGGAGTGAAGAGC,2,0.730120526,ATTTTGCCCCTGGTTCTTCCACCTTGTTGGTGGGCGTGGAGTGAAGAGCgtttaagaGCTAAGCTGCCAGTTCATTTCTTAGGG,JY_L01_302_TTC8
302,TTC8_+_89291013.23-P1P2,TTC8,P1P2,GAGCGAAGGCCCAGCGCTCC,3,0.727631165,ATTTTGCCCCTGGTTCTTCCACCTTGTTGGAGCGAAGGCCCAGCGCTCCgtttaagaGCTAAGCTGCCAGTTCATTTCTTAGGG,JY_L01_303_TTC8
303,TYW1_+_66461837.23-P1P2,TYW1,P1P2,GCGAGTGCCTGCAGACCTGT,1,1.118770934,ATTTTGCCCCTGGTTCTTCCACCTTGTTGGCGAGTGCCTGCAGACCTGTgtttaagaGCTAAGCTGCCAGTTCATTTCTTAGGG,JY_L01_304_TYW1
304,TYW1_-_66461852.23-P1P2,TYW1,P1P2,GTGGCTGCCCACAGGTCTGC,2,0.916855048,ATTTTGCCCCTGGTTCTTCCACCTTGTTGGTGGCTGCCCACAGGTCTGCgtttaagaGCTAAGCTGCCAGTTCATTTCTTAGGG,JY_L01_305_TYW1
305,TYW1_-_66461875.23-P1P2,TYW1,P1P2,GACTCGGTACGCCGCTAACG,3,0.860892629,ATTTTGCCCCTGGTTCTTCCACCTTGTTGGACTCGGTACGCCGCTAACGgtttaagaGCTAAGCTGCCAGTTCATTTCTTAGGG,JY_L01_306_TYW1
306,UBE2D3_-_103748127.23-P1P2,UBE2D3,P1P2,GCGCTATACCGGCGTCACTA,1,1.437607535,ATTTTGCCCCTGGTTCTTCCACCTTGTTGGCGCTATACCGGCGTCACTAgtttaagaGCTAAGCTGCCAGTTCATTTCTTAGGG,JY_L01_307_UBE2D3
307,UBE2D3_-_103748988.23-P1P2,UBE2D3,P1P2,GACGAGTGGCGGAAACCCTT,2,0.80184822,ATTTTGCCCCTGGTTCTTCCACCTTGTTGGACGAGTGGCGGAAACCCTTgtttaagaGCTAAGCTGCCAGTTCATTTCTTAGGG,JY_L01_308_UBE2D3
308,UBE2D3_+_103748653.23-P1P2,UBE2D3,P1P2,GCGTGCGCGTGAGCCCCGTA,3,0.953496459,ATTTTGCCCCTGGTTCTTCCACCTTGTTGGCGTGCGCGTGAGCCCCGTAgtttaagaGCTAAGCTGCCAGTTCATTTCTTAGGG,JY_L01_309_UBE2D3
309,UBXN10_-_20512655.23-P1P2,UBXN10,P1P2,GCGGAACGGCTAGGTGAGAG,1,0.99516283,ATTTTGCCCCTGGTTCTTCCACCTTGTTGGCGGAACGGCTAGGTGAGAGgtttaagaGCTAAGCTGCCAGTTCATTTCTTAGGG,JY_L01_310_UBXN10
310,UBXN10_-_20512646.23-P1P2,UBXN10,P1P2,GCGGATGGAGCGGAACGGCT,2,0.930667716,ATTTTGCCCCTGGTTCTTCCACCTTGTTGGCGGATGGAGCGGAACGGCTgtttaagaGCTAAGCTGCCAGTTCATTTCTTAGGG,JY_L01_311_UBXN10
311,UBXN10_-_20512615.23-P1P2,UBXN10,P1P2,GTACCAGCAGGACAGAGCCC,3,0.928054571,ATTTTGCCCCTGGTTCTTCCACCTTGTTGGTACCAGCAGGACAGAGCCCgtttaagaGCTAAGCTGCCAGTTCATTTCTTAGGG,JY_L01_312_UBXN10
312,VAMP4_+_171711193.23-P1P2,VAMP4,P1P2,GCGATCGGCTCGATGAGCGG,1,0.906068838,ATTTTGCCCCTGGTTCTTCCACCTTGTTGGCGATCGGCTCGATGAGCGGgtttaagaGCTAAGCTGCCAGTTCATTTCTTAGGG,JY_L01_313_VAMP4
313,VAMP4_+_171711196.23-P1P2,VAMP4,P1P2,GCGCCGATCGGCTCGATGAG,2,0.844666007,ATTTTGCCCCTGGTTCTTCCACCTTGTTGGCGCCGATCGGCTCGATGAGgtttaagaGCTAAGCTGCCAGTTCATTTCTTAGGG,JY_L01_314_VAMP4
314,VAMP4_-_171711156.23-P1P2,VAMP4,P1P2,GGCTGGGAGGGGGAGACAGT,3,0.841808058,ATTTTGCCCCTGGTTCTTCCACCTTGTTGGGCTGGGAGGGGGAGACAGTgtttaagaGCTAAGCTGCCAGTTCATTTCTTAGGG,JY_L01_315_VAMP4
315,WWOX_-_78133570.23-P1P2,WWOX,P1P2,GCGCAGTGCGCAGGCGTGAG,1,0.815181775,ATTTTGCCCCTGGTTCTTCCACCTTGTTGGCGCAGTGCGCAGGCGTGAGgtttaagaGCTAAGCTGCCAGTTCATTTCTTAGGG,JY_L01_316_WWOX
316,WWOX_-_78133640.23-P1P2,WWOX,P1P2,GGAGCGAGTGGACCCGGCAG,2,0.807952828,ATTTTGCCCCTGGTTCTTCCACCTTGTTGGGAGCGAGTGGACCCGGCAGgtttaagaGCTAAGCTGCCAGTTCATTTCTTAGGG,JY_L01_317_WWOX
317,WWOX_-_78133628.23-P1P2,WWOX,P1P2,GGAGTGAGTTCCTGAGCGAG,3,0.78216446,ATTTTGCCCCTGGTTCTTCCACCTTGTTGGGAGTGAGTTCCTGAGCGAGgtttaagaGCTAAGCTGCCAGTTCATTTCTTAGGG,JY_L01_318_WWOX
318,ZFP36L1_+_69259726.23-P1,ZFP36L1,P1,GGTGGGACTCCAGACAGGAG,1,1.022098398,ATTTTGCCCCTGGTTCTTCCACCTTGTTGGGTGGGACTCCAGACAGGAGgtttaagaGCTAAGCTGCCAGTTCATTTCTTAGGG,JY_L01_319_ZFP36L1
319,ZFP36L1_-_69259739.23-P1,ZFP36L1,P1,GAGGCGCAGCCTCTCCTGTC,2,0.802185843,ATTTTGCCCCTGGTTCTTCCACCTTGTTGGAGGCGCAGCCTCTCCTGTCgtttaagaGCTAAGCTGCCAGTTCATTTCTTAGGG,JY_L01_320_ZFP36L1
320,ZFP36L1_+_69259764.23-P1,ZFP36L1,P1,GCCGGAGTCAGAAAGGCGAG,3,0.785791558,ATTTTGCCCCTGGTTCTTCCACCTTGTTGGCCGGAGTCAGAAAGGCGAGgtttaagaGCTAAGCTGCCAGTTCATTTCTTAGGG,JY_L01_321_ZFP36L1
321,ZMIZ2_-_44788466.23-P1P2,ZMIZ2,P1P2,GATTGTGCCCTcggagcggg,1,0.812185823,ATTTTGCCCCTGGTTCTTCCACCTTGTTGGATTGTGCCCTcggagcggggtttaagaGCTAAGCTGCCAGTTCATTTCTTAGGG,JY_L01_322_ZMIZ2
322,ZMIZ2_-_44788204.23-P1P2,ZMIZ2,P1P2,GGCGAGCAGGAAGAGCGCAG,2,0.725160611,ATTTTGCCCCTGGTTCTTCCACCTTGTTGGGCGAGCAGGAAGAGCGCAGgtttaagaGCTAAGCTGCCAGTTCATTTCTTAGGG,JY_L01_323_ZMIZ2
323,ZMIZ2_-_44788754.23-P1P2,ZMIZ2,P1P2,GCCGCTGCGGCGCCACGGTA,3,0.704558324,ATTTTGCCCCTGGTTCTTCCACCTTGTTGGCCGCTGCGGCGCCACGGTAgtttaagaGCTAAGCTGCCAGTTCATTTCTTAGGG,JY_L01_324_ZMIZ2
324,ZNF169_+_97021635.23-P1P2,ZNF169,P1P2,GAGCTCACCAGAACTGTGAA,1,0.919190927,ATTTTGCCCCTGGTTCTTCCACCTTGTTGGAGCTCACCAGAACTGTGAAgtttaagaGCTAAGCTGCCAGTTCATTTCTTAGGG,JY_L01_325_ZNF169
325,ZNF169_-_97021669.23-P1P2,ZNF169,P1P2,GTGGTGAGCTAGCCCGGAGG,2,0.886949596,ATTTTGCCCCTGGTTCTTCCACCTTGTTGGTGGTGAGCTAGCCCGGAGGgtttaagaGCTAAGCTGCCAGTTCATTTCTTAGGG,JY_L01_326_ZNF169
326,ZNF169_-_97021666.23-P1P2,ZNF169,P1P2,GTTCTGGTGAGCTAGCCCGG,3,0.848875674,ATTTTGCCCCTGGTTCTTCCACCTTGTTGGTTCTGGTGAGCTAGCCCGGgtttaagaGCTAAGCTGCCAGTTCATTTCTTAGGG,JY_L01_327_ZNF169
327,ZNF74_+_20748477.23-P1P2,ZNF74,P1P2,GCAGACCGGACTCCCACAAA,1,0.890454273,ATTTTGCCCCTGGTTCTTCCACCTTGTTGGCAGACCGGACTCCCACAAAgtttaagaGCTAAGCTGCCAGTTCATTTCTTAGGG,JY_L01_328_ZNF74
328,ZNF74_-_20748526.23-P1P2,ZNF74,P1P2,GTGCCGGTCCCTCAGACCGT,2,0.8691919,ATTTTGCCCCTGGTTCTTCCACCTTGTTGGTGCCGGTCCCTCAGACCGTgtttaagaGCTAAGCTGCCAGTTCATTTCTTAGGG,JY_L01_329_ZNF74
329,ZNF74_-_20748487.23-P1P2,ZNF74,P1P2,GGCAGTCGCAGTCCTTTTGT,3,0.825616122,ATTTTGCCCCTGGTTCTTCCACCTTGTTGGGCAGTCGCAGTCCTTTTGTgtttaagaGCTAAGCTGCCAGTTCATTTCTTAGGG,JY_L01_330_ZNF74
330,"ZNF83_-_53141571.23-ENST00000301096.3,ENST00000536937.1,ENST00000544146.1,ENST00000545872.1",ZNF83,"ENST00000301096.3,ENST00000536937.1,ENST00000544146.1,ENST00000545872.1",GAGAGCGAAACTCACCGCCA,1,0.904175147,ATTTTGCCCCTGGTTCTTCCACCTTGTTGGAGAGCGAAACTCACCGCCAgtttaagaGCTAAGCTGCCAGTTCATTTCTTAGGG,JY_L01_331_ZNF83
331,"ZNF83_+_53141566.23-ENST00000301096.3,ENST00000536937.1,ENST00000544146.1,ENST00000545872.1",ZNF83,"ENST00000301096.3,ENST00000536937.1,ENST00000544146.1,ENST00000545872.1",GTGGAGTGAAAGTTACACCG,2,0.903549283,ATTTTGCCCCTGGTTCTTCCACCTTGTTGGTGGAGTGAAAGTTACACCGgtttaagaGCTAAGCTGCCAGTTCATTTCTTAGGG,JY_L01_332_ZNF83
332,"ZNF83_+_53141563.23-ENST00000301096.3,ENST00000536937.1,ENST00000544146.1,ENST00000545872.1",ZNF83,"ENST00000301096.3,ENST00000536937.1,ENST00000544146.1,ENST00000545872.1",GAGTGAAAGTTACACCGTGG,3,0.890787626,ATTTTGCCCCTGGTTCTTCCACCTTGTTGGAGTGAAAGTTACACCGTGGgtttaagaGCTAAGCTGCCAGTTCATTTCTTAGGG,JY_L01_333_ZNF83
333,ZNF83_-_53121252.23-ENST00000541777.2,ZNF83,ENST00000541777.2,GTAAAGAGCACTGTAATATG,1,0.729868596,ATTTTGCCCCTGGTTCTTCCACCTTGTTGGTAAAGAGCACTGTAATATGgtttaagaGCTAAGCTGCCAGTTCATTTCTTAGGG,JY_L01_334_ZNF83
334,ZNF83_+_53140434.23-ENST00000597597.1,ZNF83,ENST00000597597.1,GTGAGGACGATAGAACGATT,1,0.773073523,ATTTTGCCCCTGGTTCTTCCACCTTGTTGGTGAGGACGATAGAACGATTgtttaagaGCTAAGCTGCCAGTTCATTTCTTAGGG,JY_L01_335_ZNF83
