KCTD17_-_37448001.23-P1P2,KCTD17,P1P2,GTCGGACCGGGTGAGGCCCC,1,,1.538563509,1
KCTD17_+_37448037.23-P1P2,KCTD17,P1P2,GGGCCCGACAGCCCCGCGTC,2,,1.253109957,1
KCTD17_-_37447809.23-P1P2,KCTD17,P1P2,GCCGCGGCCGGCGATGAGGA,3,0.856305124,,1
FN1_+_216300745.23-P1P2,FN1,P1P2,GGGGGAGGAGAGGGAACCCC,1,0.8964989959999999,,1
FN1_+_216300728.23-P1P2,FN1,P1P2,GCCAGGCGCGAGCGGGAAGA,2,0.847224051,,1
FN1_+_216300763.23-P1P2,FN1,P1P2,GGCCGGCTGTGCTGCACAGG,3,0.7784940309999999,,1
NGFR_-_47573040.23-P1P2,NGFR,P1P2,GGCGCAGAGGCGACTCTCCA,1,0.7956449720000001,,1
NGFR_-_47572694.23-P1P2,NGFR,P1P2,GCCAGCTCCGGCGGGCAGGG,2,0.72082787,,1
NGFR_+_47572719.23-P1P2,NGFR,P1P2,GTCCGCTTTGCGGACTGATG,3,0.668266282,,1
IGFBP3_-_45960825.23-P1P2,IGFBP3,P1P2,GGCGCGAAGCTGTGGAATCC,1,1.041366501,,1
IGFBP3_-_45960804.23-P1P2,IGFBP3,P1P2,GGGGATGGGGCGACAGTACA,2,1.02333506,,1
IGFBP3_+_45960854.23-P1P2,IGFBP3,P1P2,GcgcccAGATGCGAGCACTG,3,0.852006768,,1
CTU1_+_51611638.23-P1P2,CTU1,P1P2,GGGGCCAGGCTTCCGCGTGG,1,,1.54828624,1
CTU1_-_51611607.23-P1P2,CTU1,P1P2,GCAGGAGGAAATACTCACCC,2,0.9346733340000001,,1
CTU1_-_51611436.23-P1P2,CTU1,P1P2,GGAGTGGCCCGGTAAGAGAC,3,0.7203919559999999,,1
PNO1_-_68385065.23-P1P2,PNO1,P1P2,GCAGCGCTTTAAGATTTCCG,1,,1.913282414,1
PNO1_+_68385073.23-P1P2,PNO1,P1P2,GGCGCTCTGCGTTTCCATTT,2,,0.764891385,1
PNO1_+_68385251.23-P1P2,PNO1,P1P2,GCAGGAGCCCGTCCCCACAG,3,0.748942887,,1
KBTBD8_-_67048791.23-P1P2,KBTBD8,P1P2,GCATCGAGAAATGGCCGCGT,1,0.833305732,,1
KBTBD8_-_67048782.23-P1P2,KBTBD8,P1P2,GTCGGGGCCCCATCGAGAAA,2,0.801147155,,1
KBTBD8_-_67048799.23-P1P2,KBTBD8,P1P2,GAATGGCCGCGTCGGCAGGT,3,0.7570235759999999,,1
NRTN_+_5824036.23-ENST00000303212.2,NRTN,ENST00000303212.2,GGAATGGTCGATAATCACAT,1,0.710638131,,1
NRTN_-_5823831.23-ENST00000303212.2,NRTN,ENST00000303212.2,Gggatacgccacactcagtc,2,0.6832382929999999,,1
NRTN_-_5824140.23-ENST00000303212.2,NRTN,ENST00000303212.2,GGCTGCTGGAGGGACAGACG,3,0.679988053,,1
RGL3_+_11529962.23-P1P2,RGL3,P1P2,GcggcgccACTGAGAGGGAC,1,1.048249894,,1
RGL3_-_11529978.23-P1P2,RGL3,P1P2,GCGGCGCCCGTCCCTCTCAG,2,1.013367228,,1
RGL3_+_11529981.23-P1P2,RGL3,P1P2,Ggcccttccgcctcactcag,3,0.966759397,,1
ZMIZ2_-_44788466.23-P1P2,ZMIZ2,P1P2,GATTGTGCCCTcggagcggg,1,0.812185823,,1
ZMIZ2_-_44788204.23-P1P2,ZMIZ2,P1P2,GGCGAGCAGGAAGAGCGCAG,2,0.725160611,,1
ZMIZ2_-_44788754.23-P1P2,ZMIZ2,P1P2,GCCGCTGCGGCGCCACGGTA,3,0.7045583240000001,,1
IGSF3_-_117210309.23-P1P2,IGSF3,P1P2,GATCCAGGCGCACGCCTCAG,1,0.9552242590000001,,1
IGSF3_-_117210338.23-P1P2,IGSF3,P1P2,GGCTTCCTCTTCTCCCGCAA,2,0.88724468,,1
IGSF3_+_117210301.23-P1P2,IGSF3,P1P2,GGGAAGCGGCGCGTCCCCTG,3,0.851127249,,1
TGFBI_+_135364702.23-P1,TGFBI,P1,GGAGCGAGCTAGCGACCGAC,1,0.987816626,,1
TGFBI_+_135364737.23-P1,TGFBI,P1,GCACGAAGAGCGCCATGGAG,2,0.930216079,,1
TGFBI_+_135364694.23-P1,TGFBI,P1,GTAGCGACCGACGGGCAAGC,3,0.852414387,,1
PGK1_-_77359779.23-P1P2,PGK1,P1P2,GAAGCCTCCGGAGCGCACGT,1,,1.069689189,1
PGK1_+_77359734.23-P1P2,PGK1,P1P2,GAGAATGCGGAACACCGCGC,2,,1.013640041,1
PGK1_+_77359789.23-P1P2,PGK1,P1P2,GTCGGTGATTCGGTCAACGA,3,0.86998034,0.8232814690000001,1
NPR2_-_35791781.23-P1P2,NPR2,P1P2,GGGCCGCCGTAGCTCCGGAT,1,0.955346458,,1
NPR2_+_35791765.23-P1P2,NPR2,P1P2,GCTGGTCCCATCCGGAGCTA,2,0.953785461,,1
NPR2_-_35791755.23-P1P2,NPR2,P1P2,GGCAGAGAGGAGCGGGGACA,3,0.8783381240000001,,1
MIS18BP1_+_45722381.23-P1P2,MIS18BP1,P1P2,GGTGTTAGAGAACGTCGCGG,1,,1.038624418,1
MIS18BP1_+_45722332.23-P1P2,MIS18BP1,P1P2,GCCGCGGGCAGGATACACCG,2,,1.022839043,1
MIS18BP1_+_45722347.23-P1P2,MIS18BP1,P1P2,GCTTGGCGCCTGGCCGCCGC,3,0.636691927,0.9385365390000001,1
PAQR8_+_52226955.23-P1P2,PAQR8,P1P2,GCCGGCCACGAGCTTCCCGC,1,0.918858499,,1
PAQR8_+_52226940.23-P1P2,PAQR8,P1P2,GCCGCGGGTGGCTGTGACCG,2,0.840183015,,1
PAQR8_-_52226972.23-P1P2,PAQR8,P1P2,GGCCACCCGCGGGAAGCTCG,3,0.83425243,,1
FOXP1_-_71633079.23-ENST00000318789.4,FOXP1,ENST00000318789.4,GACCCCGCTGGGCACTCCAG,1,0.863341338,,1
FOXP1_+_71632918.23-ENST00000318789.4,FOXP1,ENST00000318789.4,GCCGGGAAGCTAGTCCGGAG,2,0.8499806120000001,,1
FOXP1_+_71633100.23-ENST00000318789.4,FOXP1,ENST00000318789.4,GCCCCGGCGAACGGCAAAGA,3,0.7951325859999999,,1
FOXP1_-_71592612.23-ENST00000475937.1,FOXP1,ENST00000475937.1,GGGCGACTCCTGCTGCACAG,1,0.792874593,,1
FOXP1_+_71592655.23-ENST00000475937.1,FOXP1,ENST00000475937.1,GCAGGTGGCTAACCAGGGCT,2,0.748772733,,1
FOXP1_+_71592258.23-ENST00000475937.1,FOXP1,ENST00000475937.1,GGCCGAAGCGGGGAATAACT,3,0.670873753,,1
FOXP1_+_71632918.23-ENST00000493089.1,FOXP1,ENST00000493089.1,GCCGGGAAGCTAGTCCGGAG,1,0.9301007370000001,,1
FOXP1_-_71632959.23-ENST00000493089.1,FOXP1,ENST00000493089.1,GGGAGCCCAGCCAgcgccgg,2,0.85268064,,1
FOXP1_+_71632915.23-ENST00000493089.1,FOXP1,ENST00000493089.1,GGGAAGCTAGTCCGGAGCGG,3,0.8404495359999999,,1
FOXP1_-_71294250.23-ENST00000498215.1,FOXP1,ENST00000498215.1,GGCAGAAGCGAGAGTTCCGT,1,0.8244585529999999,,1
FOXP1_-_71294106.23-ENST00000498215.1,FOXP1,ENST00000498215.1,GGAGCCCTCAGATGAAGTGA,2,0.6890546999999999,,1
FOXP1_+_71294244.23-ENST00000498215.1,FOXP1,ENST00000498215.1,GAAGTGTCAAATAAATCCTA,3,0.634839965,,1
VGF_-_100808789.23-P1P2,VGF,P1P2,GTCGAGGTCTGGCGTCCCGT,1,0.840894835,,1
VGF_+_100808593.23-P1P2,VGF,P1P2,GCAGCCGTGGGCGTGAGGGA,2,0.7222678140000001,,1
VGF_-_100808767.23-P1P2,VGF,P1P2,GGTGGCCGGGGTAGGAGCGA,3,0.69541816,,1
SLC35C2_+_44993000.23-P1P2,SLC35C2,P1P2,GTCCCAGGGCCGAGGTGAGT,1,1.05081114,,1
SLC35C2_+_44993014.23-P1P2,SLC35C2,P1P2,GTTCCGGCCTGGAGCTCCCA,2,0.993927375,,1
SLC35C2_-_44993047.23-P1P2,SLC35C2,P1P2,GCAGGCCGGAATCTCCCCAC,3,0.926102888,,1
KIF1A_-_241759571.23-P1P2,KIF1A,P1P2,GACTGGCGGCGGCCCCGCAT,1,0.9646600559999999,,1
KIF1A_+_241759532.23-P1P2,KIF1A,P1P2,GCAGTGACGCCGGAGAGGTA,2,0.7297824540000001,,1
KIF1A_-_241759412.23-P1P2,KIF1A,P1P2,GGCGCTTTGGGCGGCAACAA,3,0.70724392,,1
LTBP1_+_33359718.23-P1P2,LTBP1,P1P2,GagaGAGCCCACAACCCGAC,1,0.8978538229999999,,1
LTBP1_-_33359699.23-P1P2,LTBP1,P1P2,GACAGAGCAGCGAGCACTGA,2,0.8707218870000001,,1
LTBP1_+_33359669.23-P1P2,LTBP1,P1P2,GCTCGCTGCTCTGTATTCAG,3,0.7696743909999999,,1
MAPK8IP1_-_45921715.23-P1,MAPK8IP1,P1,GCGCGCCGGGCTGCTCTCTg,1,0.9327789329999999,,1
MAPK8IP1_+_45921668.23-P1,MAPK8IP1,P1,GGGCTGCACAGCGCACGGAG,2,0.920116259,,1
MAPK8IP1_-_45921719.23-P1,MAPK8IP1,P1,GCCGGGCTGCTCTCTgcggg,3,0.764455621,,1
EPCAM_+_47596500.23-P1P2,EPCAM,P1P2,Gtcgggaggacagcgacgag,1,,1.292615336,1
EPCAM_+_47596336.23-P1P2,EPCAM,P1P2,GTCGTTGATGAGTCACCGCC,2,,1.0341446159999998,1
EPCAM_+_47596619.23-P1P2,EPCAM,P1P2,GGCGCGCGCGCCGAGAAGAg,3,0.8078742090000001,,1
ZNF74_+_20748477.23-P1P2,ZNF74,P1P2,GCAGACCGGACTCCCACAAA,1,0.890454273,,1
ZNF74_-_20748526.23-P1P2,ZNF74,P1P2,GTGCCGGTCCCTCAGACCGT,2,0.8691919,,1
ZNF74_-_20748487.23-P1P2,ZNF74,P1P2,GGCAGTCGCAGTCCTTTTGT,3,0.825616122,,1
TRAIP_-_49893882.23-P1P2,TRAIP,P1P2,GTAGTGCACAGAGCACGGAT,1,0.8582433290000001,,1
TRAIP_-_49893903.23-P1P2,TRAIP,P1P2,GGCATGATGGCTGGACTCAA,2,0.7821044970000001,,1
TRAIP_-_49893890.23-P1P2,TRAIP,P1P2,GAGAGCACGGATAGGCATGA,3,0.7157085479999999,,1
SERPINA1_+_94854859.23-P1,SERPINA1,P1,GACTGCGAGAGGTTCTGGAG,1,0.9257044520000001,,1
SERPINA1_-_94854886.23-P1,SERPINA1,P1,GCAGAACCTCTCGCAGTGAA,2,0.885139487,,1
SERPINA1_-_94854918.23-P1,SERPINA1,P1,GATTCACTGTCCCAGGTCAG,3,0.78582792,,1
CST1_+_23731405.23-P1P2,CST1,P1P2,GAGGATAGGATAATCCCGGG,1,1.016978208,,1
CST1_+_23731419.23-P1P2,CST1,P1P2,GGAGCCCCAAGGAGGAGGAT,2,0.8461802829999999,,1
CST1_-_23731413.23-P1P2,CST1,P1P2,GTGCGTTATAGATGCCACCC,3,0.536877198,,1
PEX16_+_45939383.23-P1P2,PEX16,P1P2,GTGTCGTACGGTCCTTCTGT,1,0.873308832,,1
PEX16_+_45939395.23-P1P2,PEX16,P1P2,GGGCGCCGCAGCCTGTCGTA,2,0.873142568,,1
PEX16_-_45939335.23-P1P2,PEX16,P1P2,GAGTCACGTACTCCTGGTAG,3,0.869478278,,1
GABARAPL1_+_10365575.23-P1P2,GABARAPL1,P1P2,GCGCTGGGCCGAGTGTGCAG,1,0.724769911,,1
GABARAPL1_-_10365835.23-P1P2,GABARAPL1,P1P2,GCCCCGTGAGTGTAGAGGAG,2,0.671957812,,1
GABARAPL1_+_10365891.23-P1P2,GABARAPL1,P1P2,GGAGCCGCCTGGGCGCCCCA,3,0.642128866,,1
IL17RD_+_57199337.23-P1P2,IL17RD,P1P2,GGCGGCCGGGGCGCAGAGAA,1,0.954556032,,1
IL17RD_-_57199383.23-P1P2,IL17RD,P1P2,GCCGCTGGCCAGCCCCGAGT,2,0.822980913,,1
IL17RD_+_57199176.23-P1P2,IL17RD,P1P2,GTGGCTGGAGGGTAAGGCGA,3,0.7769656079999999,,1
SORBS2_+_186577836.23-P1,SORBS2,P1,GGCTGGCTGACCAAGTCCAC,1,0.941323793,,1
SORBS2_+_186577657.23-P1,SORBS2,P1,GTCCCCTGGAATGCAGACCT,2,0.8859204409999999,,1
SORBS2_+_186577797.23-P1,SORBS2,P1,GAGCCGGGAGAAGGAAGCCG,3,0.879566016,,1
HOXA2_+_27142273.23-P1P2,HOXA2,P1P2,GTAGTAGCGCGGTCCCCATA,1,0.9539964459999999,,1
HOXA2_-_27142210.23-P1P2,HOXA2,P1P2,GAGGAAAAAGGCGAGCGCAG,2,0.6984069140000001,,1
HOXA2_-_27142282.23-P1P2,HOXA2,P1P2,GCACTGATTACAGCCGTATG,3,0.663803759,,1
SCD_-_102107036.23-P1P2,SCD,P1P2,GCTTGGCAGCGGATAAAAGG,1,0.898385193,,1
SCD_+_102106956.23-P1P2,SCD,P1P2,GTCCCGCGTGGAGGTAAGGG,2,0.657970145,,1
SCD_-_102107388.23-P1P2,SCD,P1P2,GAGAGGGGAGAGCTCCGCGG,3,0.571972421,,1
DFFB_+_3774079.23-P1P2,DFFB,P1P2,GGTCCTCGCCCTGGCCGCAG,1,0.807456597,,1
DFFB_+_3773844.23-P1P2,DFFB,P1P2,GACCCTGAGGGCCAGAGTAG,2,0.779026181,,1
DFFB_+_3774271.23-P1P2,DFFB,P1P2,GCCCAGCGGGCACCTGGAAG,3,0.732698548,,1
ME3_+_86383360.23-P1P2,ME3,P1P2,GCTCCCCGAGCAGCGCAGGT,1,0.922552643,,1
ME3_-_86383153.23-P1P2,ME3,P1P2,GTCCAGCCCCCGCCACTCCT,2,0.8047726040000001,,1
ME3_+_86383140.23-P1P2,ME3,P1P2,GGGTGGCAGCCGAGGAGTGG,3,0.759092345,,1
ELF3_+_201979810.23-P1P2,ELF3,P1P2,GGAGTGGCGGAGTCCGGCTG,1,0.820450097,,1
ELF3_+_201979826.23-P1P2,ELF3,P1P2,GGCGGGGAATCCTACCGGAG,2,0.774217223,,1
ELF3_-_201979952.23-P1P2,ELF3,P1P2,GGATCTCCGAGCAAGAGCGT,3,0.71724034,,1
EFCAB11_+_90421044.23-P1P2,EFCAB11,P1P2,GAGCCAGGCTGGGAAAGCGG,1,1.086555566,,1
EFCAB11_-_90420865.23-P1P2,EFCAB11,P1P2,GCAGAGTGAGACCCAGACAC,2,0.9484194570000001,,1
EFCAB11_-_90420870.23-P1P2,EFCAB11,P1P2,GTGAGACCCAGACACGGGAG,3,0.8139773309999999,,1
CKMT1A_-_43985782.23-ENST00000413453.2,CKMT1A,ENST00000413453.2,GCTTAAACCGAGGGGTGTGG,1,0.896328172,,1
CKMT1A_-_43985741.23-ENST00000413453.2,CKMT1A,ENST00000413453.2,GTCACCCTTGCACACCCACA,2,0.825437243,,1
CKMT1A_-_43985748.23-ENST00000413453.2,CKMT1A,ENST00000413453.2,GTGCACACCCACAGGGTAGA,3,0.776804177,,1
CKMT1A_-_43985155.23-ENST00000434505.1,CKMT1A,ENST00000434505.1,GAGAGAAGCCAAGGGAGAGG,1,1.055016707,,1
CKMT1A_-_43985147.23-ENST00000434505.1,CKMT1A,ENST00000434505.1,GCTACGGAGAGAGAAGCCAA,2,1.009338278,,1
CKMT1A_+_43985088.23-ENST00000434505.1,CKMT1A,ENST00000434505.1,GTGGAGGAGAAGGTAAAGTG,3,0.834892723,,1
KRT17_+_39780834.23-P1P2,KRT17,P1P2,GAAAGGAAGCGGGCGAACCC,1,0.678956883,,1
KRT17_-_39780860.23-P1P2,KRT17,P1P2,GGTTCGCCCGCTTCCTTTAT,2,0.383465092,,1
KRT17_+_39780118.23-P1P2,KRT17,P1P2,GAGCTGAGTCAGGAACAAAG,3,0.345205615,,1
TRMT6_+_5931087.23-P1P2,TRMT6,P1P2,GGGCGACAACCGAGGAGGAG,1,0.98596379,,1
TRMT6_+_5931092.23-P1P2,TRMT6,P1P2,GGCGGTGGCGACAACCGAGG,2,0.8927683409999999,,1
TRMT6_-_5931159.23-P1P2,TRMT6,P1P2,GGCACTAGGAGCCCTCCGAC,3,0.8827342420000001,,1
STMN3_-_62284747.23-P1P2,STMN3,P1P2,GGCTGGAGAGGCGCAAGTGG,1,0.9475613909999999,,1
STMN3_-_62284573.23-P1P2,STMN3,P1P2,GGGCTTGCAACGCGCAGGGT,2,0.712616825,,1
STMN3_+_62284629.23-P1P2,STMN3,P1P2,GGGCGGCGGGATCTGAGCAG,3,0.6843656709999999,,1
SNRPD1_+_19192288.23-P1P2,SNRPD1,P1P2,GCCGGAAGCGCCTACTCCAG,1,,1.1302557340000001,1
SNRPD1_-_19192410.23-P1P2,SNRPD1,P1P2,GGATGAAGCTCGTGAGGTGA,2,,0.894495947,1
SNRPD1_+_19192306.23-P1P2,SNRPD1,P1P2,GCGACTGCAGTATGAATGGC,3,0.743875216,,1
NEMF_+_50319501.23-P1P2,NEMF,P1P2,GGAGTCCGGCCGGGCAGTAG,1,1.00791121,,1
NEMF_+_50319527.23-P1P2,NEMF,P1P2,GCGCCTGCGCGGAGGAGAAG,2,0.997395227,,1
NEMF_+_50319492.23-P1P2,NEMF,P1P2,GCGGGCAGTAGAGGAACTTG,3,0.9048876459999999,,1
FBXO36_-_230787240.23-P1P2,FBXO36,P1P2,GGCGTCCCAAGATGGCGTCG,1,0.821013847,,1
FBXO36_-_230787232.23-P1P2,FBXO36,P1P2,GCGGCGGTGGCGTCCCAAGA,2,0.78062563,,1
FBXO36_+_230787244.23-P1P2,FBXO36,P1P2,GCAGTTTCAAAGAGAGTCTC,3,0.7706526909999999,,1
TMEM41B_+_9336110.23-P1P2,TMEM41B,P1P2,GCGCTGGGCTGAGGTCGTCT,1,0.917615618,,1
TMEM41B_+_9336101.23-P1P2,TMEM41B,P1P2,GGAGGTCGTCTCGGGTGAGG,2,0.8336742309999999,,1
TMEM41B_+_9336125.23-P1P2,TMEM41B,P1P2,GGGAGGTTGCAGTACTCGCT,3,0.788216252,,1
SCML1_-_17755620.23-P1P2,SCML1,P1P2,GAGCTCTCTGATCCACTCAG,1,0.9823273570000001,,1
SCML1_-_17755635.23-P1P2,SCML1,P1P2,GTCAGGGGTCAGGGCATCAC,2,0.9154664379999999,,1
SCML1_-_17755626.23-P1P2,SCML1,P1P2,GCTGATCCACTCAGGGGTCA,3,0.75326328,,1
CHFR_+_133464165.23-P1P2,CHFR,P1P2,GTGTCTCTTGACAGCGGCGG,1,0.845336671,,1
CHFR_-_133463971.23-P1P2,CHFR,P1P2,GTGGAGACTCCCGACCCCAG,2,0.8197874390000001,,1
CHFR_+_133464171.23-P1P2,CHFR,P1P2,GCCGCAATGTCTCTTGACAG,3,0.7753998040000001,,1
FOXN3_-_90085506.23-P1,FOXN3,P1,GCAGATCGCGGCCGGAACCC,1,0.904404579,,1
FOXN3_+_90085463.23-P1,FOXN3,P1,GCTGCAGCTCGGCCGGGAGA,2,0.8136302320000001,,1
FOXN3_+_90085453.23-P1,FOXN3,P1,GGCCGGGAGACGGCGCGACC,3,0.773325351,,1
NDRG2_+_21493839.23-P1P2,NDRG2,P1P2,GGTCGGGACGCAGCAAAGAG,1,0.8460110909999999,,1
NDRG2_+_21493504.23-P1P2,NDRG2,P1P2,GAGCCGAGGGATCCCTCTCA,2,0.7598328120000001,,1
NDRG2_-_21493873.23-P1P2,NDRG2,P1P2,GCGTCCCGACGCCTGCTCTC,3,0.756534064,,1
MOB3A_+_2096251.23-P1,MOB3A,P1,GGGCCAGTTGGGTACCGGGA,1,0.8559955440000001,,1
MOB3A_+_2096219.23-P1,MOB3A,P1,GGCGGCAGAGGCGATCAGGT,2,0.8069026990000001,,1
MOB3A_+_2096262.23-P1,MOB3A,P1,GGCGGCCGAGGCGGCCAGTT,3,0.804361143,,1
MAP7_-_136871861.23-P1,MAP7,P1,GGCTCCCGGAGATATGGAGC,1,,1.161595199,1
MAP7_+_136871813.23-P1,MAP7,P1,GGCTGGTCGGCCGCGGCGAC,2,,0.99242295,1
MAP7_+_136871523.23-P1,MAP7,P1,GTGGCGGAGCTAGGAGCTGG,3,1.005178371,,1
JUP_+_39942937.23-P1P2,JUP,P1P2,GTGCTGCCTTGGCCAGAGTC,1,0.8069650709999999,,1
JUP_-_39942541.23-P1P2,JUP,P1P2,GCAGCCCAGGGCGAGAGTCA,2,0.8028963090000001,,1
JUP_-_39942928.23-P1P2,JUP,P1P2,Gtgagctcggcgtggtcggg,3,0.764512923,,1
RMND1_+_151773104.23-P1P2,RMND1,P1P2,GCAGCTCGAGTGGTCCGGCT,1,,1.05251118,1
RMND1_-_151773050.23-P1P2,RMND1,P1P2,GCAAAGGGTCACAGCCGCAC,2,,0.9930033559999999,1
RMND1_+_151773226.23-P1P2,RMND1,P1P2,GGCTGCAGTAGTGAGAGGCT,3,0.813623408,,1
NFATC2_-_50159227.23-P1,NFATC2,P1,GCGCGCCCGGGGAAGCTGAG,1,0.937331007,,1
NFATC2_+_50159020.23-P1,NFATC2,P1,GCGCCATGAACGCCCCCGAG,2,0.7349609009999999,,1
NFATC2_-_50159180.23-P1,NFATC2,P1,GCGCACGCCGGGTCCGGGGA,3,0.7189773979999999,,1
WWOX_-_78133570.23-P1P2,WWOX,P1P2,GCGCAGTGCGCAGGCGTGAG,1,0.815181775,,1
WWOX_-_78133640.23-P1P2,WWOX,P1P2,GGAGCGAGTGGACCCGGCAG,2,0.807952828,,1
WWOX_-_78133628.23-P1P2,WWOX,P1P2,GGAGTGAGTTCCTGAGCGAG,3,0.78216446,,1
ZNF165_+_28048695.23-P1P2,ZNF165,P1P2,GTTCCGGTGGAAGGACTGAG,1,0.6856651140000001,,1
ZNF165_+_28048708.23-P1P2,ZNF165,P1P2,GTCCGATCGGACACTTCCGG,2,0.6494921770000001,,1
ZNF165_-_28048748.23-P1P2,ZNF165,P1P2,GGGAATCAGCCCTGTCCGAG,3,0.6388063079999999,,1
MLKL_+_74734747.23-P1P2,MLKL,P1P2,GCAGGGCACCGTGAGCCTGG,1,0.903230269,,1
MLKL_+_74734719.23-P1P2,MLKL,P1P2,GGCTGGAGCCACGTCGGAGG,2,0.816906998,,1
MLKL_+_74734725.23-P1P2,MLKL,P1P2,GTTGGCAGCTGGAGCCACGT,3,0.8009942459999999,,1
CEP89_+_33462702.23-P1P2,CEP89,P1P2,GCGCCGCGCGTGGGGCTCTG,1,,1.885621484,1
CEP89_+_33462640.23-P1P2,CEP89,P1P2,GTTGGCCTGAGATCCAGTCA,2,,0.7567166679999999,1
CEP89_-_33462806.23-P1P2,CEP89,P1P2,GCAGCGCGAGGAGAATGGAC,3,0.855755638,,1
PCDHB14_-_140602978.23-P1P2,PCDHB14,P1P2,GTCGCCTACAGAGCTGCTGG,1,0.8469096309999999,,1
PCDHB14_-_140602993.23-P1P2,PCDHB14,P1P2,GCTGGAGGATACACTCTCCA,2,0.724583449,,1
PCDHB14_-_140603182.23-P1P2,PCDHB14,P1P2,GGAATCTGCACACTATTCTG,3,0.723863798,,1
MAP3K11_+_65381712.23-P1,MAP3K11,P1,GCCCGGGGCCAAAGTACAAA,1,0.8343557290000001,,1
MAP3K11_+_65381663.23-P1,MAP3K11,P1,GCCGTCGGGGCCAAAGGAGA,2,0.81081435,,1
MAP3K11_+_65381706.23-P1,MAP3K11,P1,GGCCAAAGTACAAAGGGAGG,3,0.757978195,,1
KIF13B_+_29120558.23-P1P2,KIF13B,P1P2,GAGCCGAACGAGTTCCTCGG,1,1.088264766,,1
KIF13B_+_29120561.23-P1P2,KIF13B,P1P2,GGGAAGCCGAACGAGTTCCT,2,0.903048493,,1
KIF13B_+_29120523.23-P1P2,KIF13B,P1P2,GGACTCCAAAGTGAAAGTGG,3,0.874896755,,1
TIFA_+_113207012.23-P1P2,TIFA,P1P2,GGACGTGCTCTGCCAGCCAG,1,0.874093475,,1
TIFA_+_113206971.23-P1P2,TIFA,P1P2,GGGGAGCGCGGGAGGATCGG,2,0.846752044,,1
TIFA_+_113206974.23-P1P2,TIFA,P1P2,GCGCGGGAGCGCGGGAGGAT,3,0.788050362,,1
PTPN7_+_202129509.23-P1P2,PTPN7,P1P2,GACCTGATGTCCCCAAGACG,1,,0.9555307059999999,1
PTPN7_+_202129592.23-P1P2,PTPN7,P1P2,GGATATAAGAGGGCATCTCT,2,,0.873286812,1
PTPN7_-_202128782.23-P1P2,PTPN7,P1P2,GCAGTCTCGGGGTAGAGTAA,3,0.70297218,,1
TTC8_+_89291002.23-P1P2,TTC8,P1P2,GAGCGCTCCAGGAGAGAGGT,1,0.993512628,,1
TTC8_+_89290984.23-P1P2,TTC8,P1P2,GTGGGCGTGGAGTGAAGAGC,2,0.730120526,,1
TTC8_+_89291013.23-P1P2,TTC8,P1P2,GAGCGAAGGCCCAGCGCTCC,3,0.727631165,,1
DOCK11_+_117629793.23-P1P2,DOCK11,P1P2,GCGGCCACATCGCAGCTCGG,1,0.770728057,,1
DOCK11_-_117629811.23-P1P2,DOCK11,P1P2,GCCGCCGCCGAGCTGCGATG,2,0.7587009440000001,,1
DOCK11_+_117629859.23-P1P2,DOCK11,P1P2,GGACTCACTgccccggcccg,3,0.7436060459999999,,1
COX7C_+_85913816.23-P1P2,COX7C,P1P2,GATGAGGACAGATGAAATGG,1,,1.7856972430000002,1
COX7C_-_85913960.23-P1P2,COX7C,P1P2,GCTGGGAAGGTTAGTGTGTA,2,,0.768770156,1
COX7C_-_85913802.23-P1P2,COX7C,P1P2,GAACAAGGTCGTGAAAAAAA,3,0.7510811159999999,,1
PHLDA1_-_76425321.23-P1P2,PHLDA1,P1P2,GCTGATGCGCCACAAGGTCC,1,1.006820545,,1
PHLDA1_-_76425373.23-P1P2,PHLDA1,P1P2,GCTTGCGAGCGCTCACTGAA,2,0.9265249870000001,,1
PHLDA1_+_76425308.23-P1P2,PHLDA1,P1P2,GTCGGAGCTCCGGGACCTTG,3,0.81538203,,1
NCS1_+_132934933.23-P1P2,NCS1,P1P2,GTGGATTTCCCCATCCTcgg,1,,1.850603173,1
NCS1_-_132934676.23-P1P2,NCS1,P1P2,GcagcagcgagCATGTGCCG,2,0.8204429529999999,,1
NCS1_-_132934691.23-P1P2,NCS1,P1P2,GGCCGCGGAGCCCAGTAACC,3,0.80381015,,1
"ZNF83_-_53141571.23-ENST00000301096.3,ENST00000536937.1,ENST00000544146.1,ENST00000545872.1",ZNF83,"ENST00000301096.3,ENST00000536937.1,ENST00000544146.1,ENST00000545872.1",GAGAGCGAAACTCACCGCCA,1,0.904175147,,1
"ZNF83_+_53141566.23-ENST00000301096.3,ENST00000536937.1,ENST00000544146.1,ENST00000545872.1",ZNF83,"ENST00000301096.3,ENST00000536937.1,ENST00000544146.1,ENST00000545872.1",GTGGAGTGAAAGTTACACCG,2,0.9035492829999999,,1
"ZNF83_+_53141563.23-ENST00000301096.3,ENST00000536937.1,ENST00000544146.1,ENST00000545872.1",ZNF83,"ENST00000301096.3,ENST00000536937.1,ENST00000544146.1,ENST00000545872.1",GAGTGAAAGTTACACCGTGG,3,0.8907876259999999,,1
ZNF83_-_53121252.23-ENST00000541777.2,ZNF83,ENST00000541777.2,GTAAAGAGCACTGTAATATG,1,0.729868596,,1
ZNF83_-_53121309.23-ENST00000541777.2,ZNF83,ENST00000541777.2,GAGCACAGGAGTAGCAAATA,2,0.6882258379999999,,1
ZNF83_-_53121051.23-ENST00000541777.2,ZNF83,ENST00000541777.2,GCTTCATGCTACACAGTCCA,3,0.661453388,,1
ZNF83_+_53140434.23-ENST00000597597.1,ZNF83,ENST00000597597.1,GTGAGGACGATAGAACGATT,1,0.773073523,,1
ZNF83_+_53140238.23-ENST00000597597.1,ZNF83,ENST00000597597.1,GgagaGATATGTACACAATT,2,0.48687370399999996,,1
ZNF83_+_53140398.23-ENST00000597597.1,ZNF83,ENST00000597597.1,GAGAAGTTAGGTAAGTTGCG,3,0.47521590700000005,,1
EPHB3_-_184279594.23-P1P2,EPHB3,P1P2,GGCAGAAGTGAGTACGTGAG,1,0.896112128,,1
EPHB3_+_184279633.23-P1P2,EPHB3,P1P2,GCTGGGATCCGGGGCTTCGG,2,0.838861533,,1
EPHB3_+_184279650.23-P1P2,EPHB3,P1P2,GGTCAGCTGCGGGCCCGACT,3,0.755512724,,1
MYLIP_+_16129342.23-P1P2,MYLIP,P1P2,GCAGCTGCCCCTGTCCTCCG,1,,1.154425474,1
MYLIP_-_16129356.23-P1P2,MYLIP,P1P2,GGGCGCCACCGCGGAGGACA,2,,0.904499132,1
MYLIP_+_16129339.23-P1P2,MYLIP,P1P2,GCTGCCCCTGTCCTCCGCGG,3,0.827635463,,1
TRMT10B_+_37753858.23-P1P2,TRMT10B,P1P2,GAGCCAGCCCCCTTAACCAG,1,0.896096872,,1
TRMT10B_+_37753817.23-P1P2,TRMT10B,P1P2,GCACCCCCACGCAGCGGCAG,2,0.8157301659999999,,1
TRMT10B_-_37753873.23-P1P2,TRMT10B,P1P2,GCGCTGTCCGCTGGTTAAGG,3,0.799875496,,1
IFI27_-_94577285.23-P1P2,IFI27,P1P2,GTCATCAGGGAGCCTCAGAT,1,0.728642365,,1
IFI27_+_94578101.23-P1P2,IFI27,P1P2,GTCACCCAGGGGCAAAACTA,2,0.7180650140000001,,1
IFI27_+_94577171.23-P1P2,IFI27,P1P2,GAGGTCCGGGGCCACGGGAA,3,0.681468462,,1
HSPA12A_+_118502029.23-P1P2,HSPA12A,P1P2,GCGCGGACAGAGACCCGCAC,1,0.9766099009999999,,1
HSPA12A_+_118502069.23-P1P2,HSPA12A,P1P2,GCTGCCCGGCGGCTCAGACA,2,0.920765183,,1
HSPA12A_+_118502023.23-P1P2,HSPA12A,P1P2,GCAGAGACCCGCACGGGCAC,3,0.8637646379999999,,1
SH3KBP1_+_19905629.23-P1P2,SH3KBP1,P1P2,Gagcagcaggagtcgccccg,1,1.037077784,,1
SH3KBP1_-_19905471.23-P1P2,SH3KBP1,P1P2,GGCCGAGGCAGCGTGAAAGT,2,0.7594637740000001,,1
SH3KBP1_+_19905685.23-P1P2,SH3KBP1,P1P2,GTCGCGGGGAGCAGGAAACC,3,0.749200953,,1
SH3BP4_+_235860714.23-P1P2,SH3BP4,P1P2,Gggctccgcgggactcacgg,1,1.085168771,,1
SH3BP4_+_235860717.23-P1P2,SH3BP4,P1P2,Gcgcggctccgcgggactca,2,0.963320095,,1
SH3BP4_-_235860731.23-P1P2,SH3BP4,P1P2,Ggccgccgccgtgagtcccg,3,0.8783124590000001,,1
LDLR_+_11200273.23-P1P2,LDLR,P1P2,GTTACCTGCAGTCCCCGCCG,1,,1.9114738669999998,1
LDLR_-_11200159.23-P1P2,LDLR,P1P2,GGTGCAATCGCGGGAAGCCA,2,0.901241304,,1
LDLR_-_11200197.23-P1P2,LDLR,P1P2,GAGCAGGTCGTGATCCGGGT,3,0.8871580920000001,,1
EIF3F_+_8008879.23-P1P2,EIF3F,P1P2,GATCTTGTCGAGAAAGAAGG,1,0.8284978709999999,,1
EIF3F_+_8008882.23-P1P2,EIF3F,P1P2,GGCCATCTTGTCGAGAAAGA,2,0.7408057990000001,,1
EIF3F_-_8009270.23-P1P2,EIF3F,P1P2,GCGGGACCCTGTTGGGTGAG,3,0.46194179399999996,,1
EHD4_+_42264727.23-P1P2,EHD4,P1P2,GAGCCGGGGAGAGTCGAACC,1,0.913177902,,1
EHD4_-_42264746.23-P1P2,EHD4,P1P2,GCTCCGGGTTCGACTCTCCC,2,0.855781164,,1
EHD4_+_42264741.23-P1P2,EHD4,P1P2,GggcggcTCAGTGCGAGCCG,3,0.8217094420000001,,1
SIPA1L3_-_38397940.23-P1P2,SIPA1L3,P1P2,GTGGCGGCGTCTCCAGCGAG,1,0.93701269,,1
SIPA1L3_-_38397888.23-P1P2,SIPA1L3,P1P2,GCGCGAAGCGGCTTGGAAGT,2,0.8934320570000001,,1
SIPA1L3_+_38397892.23-P1P2,SIPA1L3,P1P2,GGGTGGCCCGAGTGACTTCC,3,0.8633574490000001,,1
ZNF169_+_97021635.23-P1P2,ZNF169,P1P2,GAGCTCACCAGAACTGTGAA,1,0.919190927,,1
ZNF169_-_97021669.23-P1P2,ZNF169,P1P2,GTGGTGAGCTAGCCCGGAGG,2,0.8869495959999999,,1
ZNF169_-_97021666.23-P1P2,ZNF169,P1P2,GTTCTGGTGAGCTAGCCCGG,3,0.8488756740000001,,1
MFGE8_+_89456598.23-P1P2,MFGE8,P1P2,GAGAAGGCGCCAGAACCCCG,1,0.8743195290000001,,1
MFGE8_-_89456577.23-P1P2,MFGE8,P1P2,GGGGACGCGGGCGCTGGAAT,2,0.858361879,,1
MFGE8_-_89456586.23-P1P2,MFGE8,P1P2,GGCGCTGGAATGGGCACGCT,3,0.834088134,,1
ITGB4_-_73717607.23-P1P2,ITGB4,P1P2,GCTGCAGCCCCATCTCCTAG,1,1.085823591,,1
ITGB4_+_73717592.23-P1P2,ITGB4,P1P2,GGGGCTGCCGCTAGGAGATG,2,1.07198667,,1
ITGB4_+_73717636.23-P1P2,ITGB4,P1P2,GCCGTCCTGGACCTACCTCG,3,1.042078463,,1
UBE2D3_-_103748127.23-P1P2,UBE2D3,P1P2,GCGCTATACCGGCGTCACTA,1,,1.437607535,1
UBE2D3_-_103748988.23-P1P2,UBE2D3,P1P2,GACGAGTGGCGGAAACCCTT,2,,0.80184822,1
UBE2D3_+_103748653.23-P1P2,UBE2D3,P1P2,GCGTGCGCGTGAGCCCCGTA,3,0.953496459,,1
S100A6_-_153508426.23-P1P2,S100A6,P1P2,GGCTCCTGGAGAGAACTCAC,1,1.137436273,,1
S100A6_-_153508431.23-P1P2,S100A6,P1P2,GTGGAGAGAACTCACCGGTA,2,1.059410553,,1
S100A6_-_153508434.23-P1P2,S100A6,P1P2,GAGAGAACTCACCGGTAGGG,3,0.9896029470000001,,1
MDK_-_46403338.23-P1P2,MDK,P1P2,Gcggcggcccctggtccgcc,1,,2.9119054089999996,1
MDK_-_46403297.23-P1P2,MDK,P1P2,GggAGGGAGCGAAGCAGCGC,2,0.8926290640000001,,1
MDK_-_46403266.23-P1P2,MDK,P1P2,Ggcggcggccggagcgggac,3,0.83358457,,1
S100A10_-_151966277.23-P1,S100A10,P1,GAGCTGGGCGAGCTGGACGC,1,0.910263901,,1
S100A10_+_151966307.23-P1,S100A10,P1,GCCGCCGCACGTACTAAGGA,2,0.909371974,,1
S100A10_-_151966262.23-P1,S100A10,P1,GGGCGGACGCTGGGCGAGCT,3,0.827184915,,1
GSPT1_-_12009679.23-P1P2,GSPT1,P1P2,GTGACTGAGGGAAGGCGGCG,1,,1.096171847,1
GSPT1_-_12009714.23-P1P2,GSPT1,P1P2,GAGCTAGCGACAAAGATCCC,2,,0.84995756,1
GSPT1_-_12009772.23-P1P2,GSPT1,P1P2,GCTCGCGACGACGACAGAGG,3,0.9366106609999999,,1
PCLO_+_82792115.23-P1P2,PCLO,P1P2,GTGCCTGGCGCTGTCCAACA,1,0.824438786,,1
PCLO_+_82792109.23-P1P2,PCLO,P1P2,GGCGCTGTCCAACATGGAGG,2,0.79804995,,1
PCLO_+_82792153.23-P1P2,PCLO,P1P2,GCGCCGAGGCGGCGTCCGGG,3,0.7919274059999999,,1
WNK2_-_95947569.23-P1P2,WNK2,P1P2,GACGCCGGCCCCGAGCCCGT,1,0.8229533720000001,,1
WNK2_+_95947602.23-P1P2,WNK2,P1P2,GGCAGGCGCGGTTTCGACAG,2,0.646118835,,1
WNK2_-_95947868.23-P1P2,WNK2,P1P2,GCTGGACACGGAGACCTGGG,3,0.641726317,,1
SOX9_-_70117175.23-P1P2,SOX9,P1P2,GGGAGTTGGAGAGCCGAAAG,1,0.913540937,,1
SOX9_-_70117192.23-P1P2,SOX9,P1P2,GAGCGGAGCTCGAAACTGAC,2,0.818958308,,1
SOX9_+_70117325.23-P1P2,SOX9,P1P2,GAGCTGCCCGCTCCAAGTGG,3,0.718268008,,1
PRR12_+_50094895.23-P1P2,PRR12,P1P2,GGTCCATGAATTGGCCGCGG,1,,0.8992395390000001,1
PRR12_-_50094492.23-P1P2,PRR12,P1P2,GTGCACCGTGAGCGCAGAGG,2,1.0488836259999998,,1
PRR12_-_50094469.23-P1P2,PRR12,P1P2,GcAGCCGCCTTGTGCAAAGA,3,0.8287874959999999,,1
UBXN10_-_20512655.23-P1P2,UBXN10,P1P2,GCGGAACGGCTAGGTGAGAG,1,0.99516283,,1
UBXN10_-_20512646.23-P1P2,UBXN10,P1P2,GCGGATGGAGCGGAACGGCT,2,0.930667716,,1
UBXN10_-_20512615.23-P1P2,UBXN10,P1P2,GTACCAGCAGGACAGAGCCC,3,0.928054571,,1
LRP5_+_68080127.23-P1P2,LRP5,P1P2,GTCACTCGGGCTCCATggcg,1,0.761615956,,1
LRP5_+_68080121.23-P1P2,LRP5,P1P2,GGGGCTCCATggcgcggcgg,2,0.747338719,,1
LRP5_-_68080086.23-P1P2,LRP5,P1P2,GTGGTccgcggcgcccgagg,3,0.744911635,,1
GNAS_-_57466458.23-P1P2,GNAS,P1P2,GgccgAGGCAATAAGAgcgg,1,0.9022574940000001,,1
GNAS_-_57466518.23-P1P2,GNAS,P1P2,GCTGGTCCGCCTCGGCCCGG,2,0.8423420420000001,,1
GNAS_-_57466455.23-P1P2,GNAS,P1P2,GccggccgAGGCAATAAGAg,3,0.828775574,,1
SYT7_+_61348498.23-P1P2,SYT7,P1P2,GGCGGCTCGGCGCTGTTCGG,1,0.893151865,,1
SYT7_+_61348501.23-P1P2,SYT7,P1P2,GGAGGCGGCTCGGCGCTGTT,2,0.7007495659999999,,1
SYT7_+_61348361.23-P1P2,SYT7,P1P2,Gcgcccggccccatgcccag,3,0.654243359,,1
IFITM3_-_320890.23-P1P2,IFITM3,P1P2,GTCCCTTTCCCCAGTAGTTT,1,,3.18437038,1
IFITM3_+_320534.23-P1P2,IFITM3,P1P2,GGGCCCCAGGGAATGCTCAG,2,0.5924527820000001,,1
IFITM3_+_320546.23-P1P2,IFITM3,P1P2,GGAAGGTGCGTATGGCCCCA,3,0.534274612,,1
KIF11_+_94353079.23-P1P2,KIF11,P1P2,GCGCGGACCTGGGCGCTGTG,1,,1.0618080779999999,1
KIF11_-_94353272.23-P1P2,KIF11,P1P2,GTGCTGGGCCCCCTACTGCG,2,,0.883015654,1
KIF11_-_94352906.23-P1P2,KIF11,P1P2,GTAGTTTCTGGGGATTCGGG,3,0.920480765,,1
SH3BGRL3_+_26606638.23-P1P2,SH3BGRL3,P1P2,GCGCAGGCCGCTCATGCTGG,1,0.908412235,,1
SH3BGRL3_-_26606571.23-P1P2,SH3BGRL3,P1P2,GAAACCGCTCCCGAGCACGG,2,0.84003069,,1
SH3BGRL3_+_26606618.23-P1P2,SH3BGRL3,P1P2,GGGTAGACAGACGGGCCGGC,3,0.8392432209999999,,1
LIPT1_+_99771478.23-P1P2,LIPT1,P1P2,GCGTACCCACGGCCTCGTGA,1,,1.68322786,1
LIPT1_+_99771489.23-P1P2,LIPT1,P1P2,GCGGCTTCCGGTCGTACCCA,2,,0.758140935,1
LIPT1_-_99771518.23-P1P2,LIPT1,P1P2,GACGACCGGAAGCCGCAGGT,3,0.8681559320000001,,1
ITPRIP_+_106098167.23-P1P2,ITPRIP,P1P2,GGCCGCTGCAGGCCAGAAGG,1,0.992249195,,1
ITPRIP_-_106098139.23-P1P2,ITPRIP,P1P2,GTGCGGCCCGGCACTTAGAG,2,0.9182875509999999,,1
ITPRIP_-_106097996.23-P1P2,ITPRIP,P1P2,GCAGCACACTAGGCTGCCCT,3,0.662366115,,1
TYW1_+_66461837.23-P1P2,TYW1,P1P2,GCGAGTGCCTGCAGACCTGT,1,1.118770934,,1
TYW1_-_66461852.23-P1P2,TYW1,P1P2,GTGGCTGCCCACAGGTCTGC,2,0.916855048,,1
TYW1_-_66461875.23-P1P2,TYW1,P1P2,GACTCGGTACGCCGCTAACG,3,0.8608926290000001,,1
PPARD_-_35310380.23-P1P2,PPARD,P1P2,GCGCGGACCTGGGGATTAAT,1,0.933966843,,1
PPARD_-_35310354.23-P1P2,PPARD,P1P2,GcgcggAGCGTGTGACGCTG,2,0.777511051,,1
PPARD_-_35310604.23-P1P2,PPARD,P1P2,GGGGTCCGCGGACAGCGTCA,3,0.7385652229999999,,1
CTSZ_-_57582269.23-P1P2,CTSZ,P1P2,Gcccgctctggatcccgccc,1,0.824243904,,1
CTSZ_-_57582111.23-P1P2,CTSZ,P1P2,GCTGTCCCCGGCGGAAGTAG,2,0.735058971,,1
CTSZ_+_57582298.23-P1P2,CTSZ,P1P2,Gggcaggggcccaaagtgcg,3,0.7308157759999999,,1
OAF_+_120081621.23-P1P2,OAF,P1P2,GGCACCTCGCGGCCCTTAAA,1,,1.5740589980000002,1
OAF_+_120081777.23-P1P2,OAF,P1P2,Gggcggccccgaggcggaga,2,0.905045896,,1
OAF_+_120081941.23-P1P2,OAF,P1P2,Ggccccggcgcgccgcgtgg,3,0.6724810179999999,,1
PITPNA_+_1466054.23-P1P2,PITPNA,P1P2,GGCGGAACCGGAGCTCCGgg,1,0.890215726,,1
PITPNA_+_1466025.23-P1P2,PITPNA,P1P2,Gagcggcgcgagaggcgacg,2,0.768799766,,1
PITPNA_+_1466057.23-P1P2,PITPNA,P1P2,GgcTGCGGAACCGGAGCTCC,3,0.726548379,,1
PEAK1_+_77712398.23-P1P2,PEAK1,P1P2,GCGGCCGTGGTCACCAGGAA,1,0.889884135,,1
PEAK1_+_77712420.23-P1P2,PEAK1,P1P2,GAGTGTCAGTTGCTCGGCGG,2,0.83322304,,1
PEAK1_+_77712044.23-P1P2,PEAK1,P1P2,GggagcgcgacgccccccAG,3,0.7358826479999999,,1
FLNB_-_57994166.23-P1P2,FLNB,P1P2,GCGCAGAGCAGCACCGGCCG,1,0.923686591,,1
FLNB_-_57994160.23-P1P2,FLNB,P1P2,GGGCGGCCGCAGAGCAGCAC,2,0.90478181,,1
FLNB_-_57994172.23-P1P2,FLNB,P1P2,GGCAGCACCGGCCGTGGCTC,3,0.8077085270000001,,1
MAP4_-_48130343.23-P1P2,MAP4,P1P2,GTGAGGAGGTAGGAGACGTC,1,0.963380511,,1
MAP4_+_48130309.23-P1P2,MAP4,P1P2,GACCTCCTCACGGCTCTTCC,2,0.915174022,,1
MAP4_-_48130346.23-P1P2,MAP4,P1P2,GGGAGGTAGGAGACGTCGGG,3,0.8449470920000001,,1
NHSL1_+_138820534.23-P1,NHSL1,P1,GTCTAAGGATATGAGACCGG,1,1.0268627259999998,,1
NHSL1_+_138820549.23-P1,NHSL1,P1,GCAGCCTGGGCAGATGTCTA,2,0.8483527809999999,,1
NHSL1_+_138820562.23-P1,NHSL1,P1,GACCTCAGTTACATCAGCCT,3,0.805004119,,1
VAMP4_+_171711193.23-P1P2,VAMP4,P1P2,GCGATCGGCTCGATGAGCGG,1,0.9060688379999999,,1
VAMP4_+_171711196.23-P1P2,VAMP4,P1P2,GCGCCGATCGGCTCGATGAG,2,0.844666007,,1
VAMP4_-_171711156.23-P1P2,VAMP4,P1P2,GGCTGGGAGGGGGAGACAGT,3,0.841808058,,1
LAMA5_+_60942322.23-P1P2,LAMA5,P1P2,GGCGCTGTCCCTGGAGCTCG,1,0.93558249,,1
LAMA5_+_60942289.23-P1P2,LAMA5,P1P2,GAGCCGGGAAGATGGCGAAG,2,0.832087617,,1
LAMA5_-_60942159.23-P1P2,LAMA5,P1P2,GCCTCGGCCAGGTTGAAGTA,3,0.79553505,,1
GGNBP2_-_34900804.23-P1P2,GGNBP2,P1P2,GAGCGGCTGACTGCCCGTAG,1,0.957374015,,1
GGNBP2_-_34900873.23-P1P2,GGNBP2,P1P2,GGCCTCGTCAGCCAGTAACA,2,0.8006267429999999,,1
GGNBP2_-_34900817.23-P1P2,GGNBP2,P1P2,GCCGTAGAGGAAACGACATT,3,0.790005293,,1
FKBP1A_+_1373724.23-P1P2,FKBP1A,P1P2,GGGCGACGCGCCGAGGTACT,1,1.14965061,,1
FKBP1A_-_1373736.23-P1P2,FKBP1A,P1P2,GACGGCTCTGCCTAGTACCT,2,0.762959024,,1
FKBP1A_+_1373594.23-P1P2,FKBP1A,P1P2,GCCCAGGAGACGGTGAGTAG,3,0.728814306,,1
PPP1R2_-_195270091.23-P1P2,PPP1R2,P1P2,GGCCACTGCCACTTGACCCG,1,0.906346332,,1
PPP1R2_+_195270106.23-P1P2,PPP1R2,P1P2,GCTGCGCTGGAGCTCTAGGC,2,0.8904231,,1
PPP1R2_+_195270077.23-P1P2,PPP1R2,P1P2,GCCGCGAGCCGCGGGTCAAG,3,0.771545003,,1
"RUNX1_-_36421348.23-ENST00000300305.3,ENST00000437180.1",RUNX1,"ENST00000300305.3,ENST00000437180.1",GCCCTCTGCTGGATACCTCT,1,0.5989356229999999,,1
"RUNX1_+_36421517.23-ENST00000300305.3,ENST00000437180.1",RUNX1,"ENST00000300305.3,ENST00000437180.1",GAAGTCTGAACCCAGCATAG,2,0.5606225,,1
"RUNX1_+_36421437.23-ENST00000300305.3,ENST00000437180.1",RUNX1,"ENST00000300305.3,ENST00000437180.1",GCATCACCAACCCACAGCCA,3,0.554779945,,1
TGFB1I1_+_31483507.23-P1P2,TGFB1I1,P1P2,GCACTCACCCAGGTCCTCCA,1,0.91829849,,1
TGFB1I1_-_31483522.23-P1P2,TGFB1I1,P1P2,GgccccgccATGGAGGACCT,2,0.851513948,,1
TGFB1I1_+_31483517.23-P1P2,TGFB1I1,P1P2,GGATCCGGCCCCACTCACCC,3,0.808575435,,1
SCNN1A_+_6484591.23-P1P2,SCNN1A,P1P2,GCCAGCCGCAACCTGGGAGT,1,0.8949252409999999,,1
SCNN1A_+_6484597.23-P1P2,SCNN1A,P1P2,GCCCAGTCCAGCCGCAACCT,2,0.7512329959999999,,1
SCNN1A_+_6484231.23-P1P2,SCNN1A,P1P2,GCAGAGGAGAGGCCGTTCTA,3,0.7143830109999999,,1
ZFP36L1_+_69259726.23-P1,ZFP36L1,P1,GGTGGGACTCCAGACAGGAG,1,1.022098398,,1
ZFP36L1_-_69259739.23-P1,ZFP36L1,P1,GAGGCGCAGCCTCTCCTGTC,2,0.802185843,,1
ZFP36L1_+_69259764.23-P1,ZFP36L1,P1,GCCGGAGTCAGAAAGGCGAG,3,0.785791558,,1
COQ6_-_74417174.23-P1P2,COQ6,P1P2,GTGTCGGGTGGAGGCCTGGT,1,,1.3295048790000001,1
COQ6_-_74417236.23-P1P2,COQ6,P1P2,GCTACTAGTGGCCGGAAACC,2,,0.835677043,1
COQ6_-_74417038.23-P1P2,COQ6,P1P2,GACGGCGCAGGTCTGCACCA,3,0.9825152340000001,,1
CTSE_-_206317568.23-P1P2,CTSE,P1P2,GCAAGGGAGAAGCTGCTGGT,1,0.867087761,,1
CTSE_+_206317847.23-P1P2,CTSE,P1P2,GTGGGAAGGCACCTCCGTGG,2,0.717009256,,1
CTSE_+_206317795.23-P1P2,CTSE,P1P2,GGGAGATTAAGGCCATACAC,3,0.6535108629999999,,1
EP400_-_132434647.23-P1P2,EP400,P1P2,GACGGCAGCGTCCAGGGTCC,1,,0.888807195,1
EP400_-_132434591.23-P1P2,EP400,P1P2,GTGAGGCCCAGGGTAAGTGA,2,0.976403885,,1
EP400_+_132434542.23-P1P2,EP400,P1P2,GCGCTCCGGCCGCGTCAGGA,3,0.902510358,,1
LRP10_+_23341044.23-P1P2,LRP10,P1P2,GCAGCCAGCGGAGCGCGACA,1,0.968746276,,1
LRP10_+_23341035.23-P1P2,LRP10,P1P2,GGAGCGCGACAGGGAAGCGG,2,0.96774142,,1
LRP10_+_23341038.23-P1P2,LRP10,P1P2,GGCGGAGCGCGACAGGGAAG,3,0.8101280940000001,,1
KIAA0754_-_39874926.23-P1P2,KIAA0754,P1P2,GGCGGCGTGGTGGAGAATAG,1,0.8853566359999999,,1
KIAA0754_-_39874929.23-P1P2,KIAA0754,P1P2,GGCGTGGTGGAGAATAGAGG,2,0.821742952,,1
KIAA0754_+_39874815.23-P1P2,KIAA0754,P1P2,GGGAACAAAAGGCTCCGCTA,3,0.772841984,,1
TNS1_-_218808748.23-P1P2,TNS1,P1P2,GTGTGTCCAGGCAGGGAGCG,1,0.7112301540000001,,1
TNS1_-_218808713.23-P1P2,TNS1,P1P2,GGCTGGTTTCCCCCAGAAGA,2,0.630307183,,1
TNS1_+_218808701.23-P1P2,TNS1,P1P2,GCACTCGCTGCCTTCTTCTG,3,0.497683924,,1
GRWD1_-_48949282.23-P1P2,GRWD1,P1P2,GGATGGCGGCGCGCAAGGGT,1,0.947479403,,1
GRWD1_-_48949268.23-P1P2,GRWD1,P1P2,GCGAGAGGGTTCGAAGATGG,2,0.901979037,,1
GRWD1_-_48949254.23-P1P2,GRWD1,P1P2,GCCGGGTGTCAGCAGCGAGA,3,0.888247212,,1
SF3B2_-_65820053.23-P1P2,SF3B2,P1P2,GAAGCGGAGCCTGGTTACCC,1,,1.565266328,1
SF3B2_+_65819920.23-P1P2,SF3B2,P1P2,GGGCAGCCCAGGCGCCATAG,2,,0.82232342,1
SF3B2_-_65819864.23-P1P2,SF3B2,P1P2,GCCTGCGGCTAAGATGGCGA,3,0.924500558,,1
KMT2D_+_49426871.23-P1P2,KMT2D,P1P2,GacagcaAGGGTCCATGGCA,1,0.836908401,,1
KMT2D_+_49426876.23-P1P2,KMT2D,P1P2,GcaccaacagcaAGGGTCCA,2,0.8109409120000001,,1
KMT2D_+_49426934.23-P1P2,KMT2D,P1P2,GTCAGGGCCTTATGGGACAC,3,0.808785891,,1
CS_-_56694134.23-P1P2,CS,P1P2,GGAAAGAGTAGACGAACCGG,1,,1.52198546,1
CS_+_56693904.23-P1P2,CS,P1P2,GGGAGCACGCCGTCCCAGGG,2,,0.759919618,1
CS_+_56693925.23-P1P2,CS,P1P2,GCAAGGTGAGCAGCGAGGGG,3,0.691475492,,1
OPTN_+_13141787.23-P1P2,OPTN,P1P2,GTGGAGGCTGGAGCCGCAGG,1,,1.718619451,1
OPTN_+_13142222.23-P1P2,OPTN,P1P2,GAGAGAACTCCCGACCGGGA,2,,1.0425357640000001,1
OPTN_+_13142195.23-P1P2,OPTN,P1P2,GTGACCAGGGAACCTGCCGG,3,0.695589327,,1
