KCNQ5_+_73331832.23-P1P2,KCNQ5,P1P2,GGCGCCGGCGGGTTTCAAGG,1,,1.07952664,1
KCNQ5_+_73331813.23-P1P2,KCNQ5,P1P2,GAGGAAGCCGGCGGCCGACG,2,,0.9650651729999999,1
KCNQ5_-_73331986.23-P1P2,KCNQ5,P1P2,GTGGGTGAAGAgcggcgcag,3,0.9312255429999999,,1
TGFBR2_+_30648154.23-P1P2,TGFBR2,P1P2,GCGGCCGAGGGAAGCTGCAC,1,0.886506885,,1
TGFBR2_-_30648144.23-P1P2,TGFBR2,P1P2,GGCGTGCACCCGCTCGGGAC,2,0.814582466,,1
TGFBR2_-_30648150.23-P1P2,TGFBR2,P1P2,GACCCGCTCGGGACAGGAGC,3,0.8097322779999999,,1
LUZP1_+_23495170.23-P1P2,LUZP1,P1P2,Gggccggtcccgggtgaggt,1,,0.81513506,1
LUZP1_+_23495300.23-P1P2,LUZP1,P1P2,GCCGGTCGCTGGCAGCTGAG,2,0.991241143,,1
LUZP1_+_23495114.23-P1P2,LUZP1,P1P2,GGCGCAGCCGAGGAGAGATG,3,0.946575976,,1
MEX3A_+_156052214.23-P1P2,MEX3A,P1P2,GAGGGGCTGGGCTCTATTGG,1,0.87400025,,1
MEX3A_-_156052213.23-P1P2,MEX3A,P1P2,GGTCCGGGAGCGGCGCTCAG,2,0.869827085,,1
MEX3A_+_156052163.23-P1P2,MEX3A,P1P2,GCGGTGCGGGAGCCTAACGG,3,0.8627429209999999,,1
ZFP36_+_39897503.23-P1P2,ZFP36,P1P2,GAGGGGTGTCGGCCGAGAGT,1,1.027043862,,1
ZFP36_+_39897488.23-P1P2,ZFP36,P1P2,GGAGTGGGAGCGCTGAAGTC,2,0.982012911,,1
ZFP36_+_39897542.23-P1P2,ZFP36,P1P2,GTAGATGGCAGTCAGATCCA,3,0.949647825,,1
ST8SIA2_+_92937116.23-P1P2,ST8SIA2,P1P2,GcagcggcagcgACAGGCAG,1,0.955753243,,1
ST8SIA2_+_92937160.23-P1P2,ST8SIA2,P1P2,GCTGCGCTCCGGACGAGTCC,2,0.854459115,,1
ST8SIA2_+_92937171.23-P1P2,ST8SIA2,P1P2,GGGGCAGACACCCTGCGCTC,3,0.7780829140000001,,1
MSRB3_-_65672529.23-P1P2,MSRB3,P1P2,GAGCGAGGTTCGGACACCGG,1,0.941939145,,1
MSRB3_+_65672541.23-P1P2,MSRB3,P1P2,GCCGCCGCGGGCTCATGGAA,2,0.803807688,,1
MSRB3_-_65672526.23-P1P2,MSRB3,P1P2,GGGGAGCGAGGTTCGGACAC,3,0.790675408,,1
COL1A2_+_94024270.23-P1P2,COL1A2,P1P2,GCGGCGGAGGTATCACCTGG,1,0.836431257,,1
COL1A2_+_94024273.23-P1P2,COL1A2,P1P2,GCACCGGCGGAGGTATCACC,2,0.8160934790000001,,1
COL1A2_-_94024303.23-P1P2,COL1A2,P1P2,GACCTCCGCCGGTGACCCAG,3,0.7982435590000001,,1
CYTIP_-_158300563.23-P1P2,CYTIP,P1P2,GGATCACTCCAGCTAGCACA,1,0.704660537,,1
CYTIP_+_158300384.23-P1P2,CYTIP,P1P2,GCAAATGCTAGCAGACACGG,2,0.604305815,,1
CYTIP_+_158300486.23-P1P2,CYTIP,P1P2,GCACAGCAGCAATGGCAATT,3,0.582293884,,1
LYN_+_56792439.23-P1P2,LYN,P1P2,GGTCTGGCCCGGAGGCGCCA,1,0.8638748559999999,,1
LYN_+_56792380.23-P1P2,LYN,P1P2,GAGAGGAACTGGCTGTCTCT,2,0.845576283,,1
LYN_+_56792447.23-P1P2,LYN,P1P2,GTGCAGCGCGTCTGGCCCGG,3,0.8305069979999999,,1
IL17REL_+_50451139.23-P1P2,IL17REL,P1P2,GGCCTGGAGCCGCTGCCACA,1,0.970954854,,1
IL17REL_-_50450961.23-P1P2,IL17REL,P1P2,GAGTGTAGGGGCCTAGGAGG,2,0.8444594190000001,,1
IL17REL_-_50451146.23-P1P2,IL17REL,P1P2,GAAGTTTGCAGGATGCCCTG,3,0.833546392,,1
FAM184B_+_17783197.23-P1P2,FAM184B,P1P2,GACTGCAGACTGATCGCCAG,1,0.8669775740000001,,1
FAM184B_-_17783183.23-P1P2,FAM184B,P1P2,GGCACCCTGCGGCGAGGCGT,2,0.8525855370000001,,1
FAM184B_+_17783220.23-P1P2,FAM184B,P1P2,GACGAAACCTGCACTGGCTG,3,0.765414747,,1
PLAUR_-_44174281.23-P1P2,PLAUR,P1P2,GcGGGTGACCCATGTCGCGA,1,0.940042101,,1
PLAUR_+_44174267.23-P1P2,PLAUR,P1P2,GGGAGCTGCCCTCGCGACAT,2,0.891718542,,1
PLAUR_+_44174287.23-P1P2,PLAUR,P1P2,GGTGCAGGGACCCCGCGCAC,3,0.7489496959999999,,1
GLT8D2_-_104443967.23-P1P2,GLT8D2,P1P2,GGAGTTGCGCTGGCAGAGAG,1,0.798389644,,1
GLT8D2_-_104443946.23-P1P2,GLT8D2,P1P2,GGCGAAGCCGCTGGGAACCC,2,0.759543537,,1
GLT8D2_+_104443918.23-P1P2,GLT8D2,P1P2,GTCCCAGCGGCTTCGCGCAG,3,0.749348318,,1
CXCL5_-_74864361.23-P1P2,CXCL5,P1P2,GTGGGTGGAGGAGCGGAGAT,1,0.9357514370000001,,1
CXCL5_-_74864343.23-P1P2,CXCL5,P1P2,GGGTCGCGGGTTCCTGAACT,2,0.928295367,,1
CXCL5_-_74864323.23-P1P2,CXCL5,P1P2,GGTCAAGAGAGCGCTGCGAG,3,0.9155985999999999,,1
COL1A1_+_48278955.23-P1P2,COL1A1,P1P2,GTCCTCGGGGTCGGAGCAGG,1,0.9247221729999999,,1
COL1A1_+_48278983.23-P1P2,COL1A1,P1P2,GGCCAGTCGTCGGAGCAGAC,2,0.83072913,,1
COL1A1_+_48278925.23-P1P2,COL1A1,P1P2,GGTGTGAGGCCACGCATGAG,3,0.8294042909999999,,1
OLFML1_-_7506824.23-P1P2,OLFML1,P1P2,GGAGGGTCCGCATGTGTCAA,1,0.9815202129999999,,1
OLFML1_+_7506772.23-P1P2,OLFML1,P1P2,GGTGGTTGCAAGCTGCTTCC,2,0.7396439640000001,,1
OLFML1_+_7507034.23-P1P2,OLFML1,P1P2,GGATGTCTCAAGGGCTCCGG,3,0.6543037660000001,,1
FAT4_+_126237766.23-ENST00000394329.3,FAT4,ENST00000394329.3,GGAGCCTGTAGGTGAAGCCG,1,0.850613903,,1
FAT4_+_126237960.23-ENST00000394329.3,FAT4,ENST00000394329.3,GGAGGGGTCCGGGAAAACGG,2,0.809121161,,1
FAT4_-_126237692.23-ENST00000394329.3,FAT4,ENST00000394329.3,GGGGCAGGCCTGGGTCCACG,3,0.725848086,,1
KIRREL_+_157963838.23-P1P2,KIRREL,P1P2,GCAGAGGGCGAGGGTCGGTA,1,0.942909731,,1
KIRREL_+_157963477.23-P1P2,KIRREL,P1P2,GGAGAGTGAGGATCCAGACG,2,0.9076178690000001,,1
KIRREL_+_157963474.23-P1P2,KIRREL,P1P2,GAGTGAGGATCCAGACGAGG,3,0.90506039,,1
EGR2_+_64576017.23-P1P2,EGR2,P1P2,GCAGCAGCCGGAACACAGAC,1,0.785979848,,1
EGR2_+_64576044.23-P1P2,EGR2,P1P2,GACACTACACCAGCAACTCC,2,0.5682402010000001,,1
EGR2_-_64575694.23-P1P2,EGR2,P1P2,GAAGATGGTCACCGACGTGG,3,0.5231092,,1
CXCL10_-_76944615.23-P1P2,CXCL10,P1P2,GCTGGAGGTTCCTCTGCTGT,1,0.765030304,,1
CXCL10_-_76944597.23-P1P2,CXCL10,P1P2,GTGATTCATGGTGCTGAGAC,2,0.6171714079999999,,1
CXCL10_-_76944661.23-P1P2,CXCL10,P1P2,GGGAATGTCTCAGAAAACGT,3,0.588292833,,1
RGS2_-_192778181.23-P1P2,RGS2,P1P2,GGCCCAGCCGCAAACAGCCG,1,0.840212813,,1
RGS2_+_192778243.23-P1P2,RGS2,P1P2,GTGCCTGCGCTCTTGTCCAT,2,0.7033592790000001,,1
RGS2_-_192778262.23-P1P2,RGS2,P1P2,GGACCCATGGACAAGAGCGC,3,0.633459648,,1
PI3_-_43803626.23-P1P2,PI3,P1P2,GGCTGGGACGCTGGTTCTAG,1,0.855423508,,1
PI3_-_43803642.23-P1P2,PI3,P1P2,GTAGAGGCAGCTGTCACGGG,2,0.8263369509999999,,1
PI3_-_43803737.23-P1P2,PI3,P1P2,GGGAGCACTTCTGAAGCAGT,3,0.784114823,,1
PTRF_-_40575195.23-P1P2,PTRF,P1P2,GGAGAGAAGCAGGAGCGGAA,1,0.994675353,,1
PTRF_+_40575239.23-P1P2,PTRF,P1P2,GGTCCCGGTGCGCACGGACG,2,0.7939620340000001,,1
PTRF_-_40575174.23-P1P2,PTRF,P1P2,GGGAGCTGGAGCGGGAGACC,3,0.786305103,,1
FLRT2_+_85996510.23-P1P2,FLRT2,P1P2,GATGCCAAACGCGCAAGTGA,1,0.83194297,,1
FLRT2_-_85996752.23-P1P2,FLRT2,P1P2,GTGGGCAGGAGGGACCTCGG,2,0.7941524999999999,,1
FLRT2_-_85996714.23-P1P2,FLRT2,P1P2,GCCACCGAGCCCTGGGATCA,3,0.7772364159999999,,1
COL5A1_+_137533700.23-P1P2,COL5A1,P1P2,GCCCGCGACCCGCTCCCCGT,1,0.9472409359999999,,1
COL5A1_-_137533695.23-P1P2,COL5A1,P1P2,GGCGCAGGACCTCACTCGAG,2,0.9240089140000001,,1
COL5A1_+_137533682.23-P1P2,COL5A1,P1P2,GTGGGCGCTCCGCTCGAGTG,3,0.849794261,,1
EGR1_+_137801203.23-P1,EGR1,P1,Gtggctgcggcggcggatgg,1,0.832159274,,1
EGR1_-_137801193.23-P1,EGR1,P1,GATCCCAGCGCGCAGAACTT,2,0.789753644,,1
EGR1_-_137801160.23-P1,EGR1,P1,GTCAAATAGAGGCGGATCCG,3,0.7122255690000001,,1
SERPINE1_-_100770364.23-P1P2,SERPINE1,P1P2,GCCACATCTGGTATAAAAGG,1,0.76007621,,1
SERPINE1_+_100770547.23-P1P2,SERPINE1,P1P2,GTAAGCCCGAAGTAAGAGGT,2,0.741057583,,1
SERPINE1_+_100770427.23-P1P2,SERPINE1,P1P2,GCTGCTGGAGGGGGGCGTGT,3,0.674031224,,1
SGK1_+_134495938.23-P1,SGK1,P1,GCTCCCCGCGGTGGTGATGA,1,0.949706095,,1
SGK1_-_134495913.23-P1,SGK1,P1,GCTCATCCTGGAGTAAGTGA,2,0.7975759040000001,,1
SGK1_-_134495988.23-P1,SGK1,P1,GGACGTTAGCGCTCAAAGAC,3,0.7947819620000001,,1
CTSK_-_150780752.23-P1P2,CTSK,P1P2,GAGTGTGGGCACACCATCAG,1,0.90625683,,1
CTSK_-_150780724.23-P1P2,CTSK,P1P2,GCTGTTGTCTGGCTTCGTTT,2,0.663407626,,1
CTSK_-_150780713.23-P1P2,CTSK,P1P2,GCTGATGGAAATCTGTTGTC,3,0.639797038,,1
PPAPDC1A_+_122216770.23-P1P2,PPAPDC1A,P1P2,GCGTCAGCTGGTGCTCTCCG,1,0.935113961,,1
PPAPDC1A_+_122216727.23-P1P2,PPAPDC1A,P1P2,GCGGCTCGCCAGACCCTGGG,2,0.816654271,,1
PPAPDC1A_+_122216830.23-P1P2,PPAPDC1A,P1P2,GGCTCGCACCCCGATCTCAA,3,0.714828285,,1
LUM_+_91505236.23-P1P2,LUM,P1P2,GCAGAGTTCACAGCATATAT,1,0.6137977410000001,,1
LUM_+_91505233.23-P1P2,LUM,P1P2,GAGTTCACAGCATATATTGG,2,0.557084126,,1
LUM_-_91505224.23-P1P2,LUM,P1P2,GTCTTAAAGCAGATGCACTA,3,0.545238569,,1
MAML2_-_96076341.23-P1P2,MAML2,P1P2,GATTGTGCTCCGATAGgaga,1,0.876545672,,1
MAML2_-_96076404.23-P1P2,MAML2,P1P2,GgCCAGCAAGCTGCAGATGG,2,0.797793445,,1
MAML2_-_96076314.23-P1P2,MAML2,P1P2,GCGGAGTCACGGCGATACAC,3,0.7626874640000001,,1
TUBA1C_+_49658873.23-P1P2,TUBA1C,P1P2,GAGACTACCAAGGAGTCCGG,1,1.02663918,,1
TUBA1C_+_49658908.23-P1P2,TUBA1C,P1P2,GAGGCGAAGGGACGGCAACA,2,0.96927955,,1
TUBA1C_-_49658888.23-P1P2,TUBA1C,P1P2,GACTTCTCCCCCGGACTCCT,3,0.931594633,,1
FGFBP1_-_15939960.23-P1P2,FGFBP1,P1P2,GGTCAGGTAGAGTGCAAGGG,1,1.0057097640000001,,1
FGFBP1_-_15939957.23-P1P2,FGFBP1,P1P2,GTGTGTCAGGTAGAGTGCAA,2,0.838125363,,1
FGFBP1_-_15939928.23-P1P2,FGFBP1,P1P2,GGGCAGTGCGAGTGAATTGC,3,0.764657712,,1
JAM3_+_133938996.23-P1P2,JAM3,P1P2,GGAGCGCAGAGCCGGAGTCG,1,1.018138481,,1
JAM3_-_133938981.23-P1P2,JAM3,P1P2,GCCCTCAGCAACCCTCGACA,2,0.9167151090000001,,1
JAM3_-_133939007.23-P1P2,JAM3,P1P2,GGAGGCGGCCACCGCGACTC,3,0.777679867,,1
COL5A2_+_190044455.23-P1P2,COL5A2,P1P2,GCTGGAGCTGGTGCTGAAAA,1,0.7263016259999999,,1
COL5A2_+_190044442.23-P1P2,COL5A2,P1P2,GTGAAAAAGGGGGTTTGCAG,2,0.7134017770000001,,1
COL5A2_+_190044236.23-P1P2,COL5A2,P1P2,GAAAGCCCAGGAAGAAGACG,3,0.593912482,,1
ITPRIP_+_106098167.23-P1P2,ITPRIP,P1P2,GGCCGCTGCAGGCCAGAAGG,1,0.992249195,,1
ITPRIP_-_106098139.23-P1P2,ITPRIP,P1P2,GTGCGGCCCGGCACTTAGAG,2,0.9182875509999999,,1
ITPRIP_-_106097996.23-P1P2,ITPRIP,P1P2,GCAGCACACTAGGCTGCCCT,3,0.662366115,,1
PDGFRA_-_55095588.23-ENST00000257290.5,PDGFRA,ENST00000257290.5,GACATCGGAGGAGAAGGTAA,1,0.779756916,,1
PDGFRA_+_55095456.23-ENST00000257290.5,PDGFRA,ENST00000257290.5,GCTGTAGCTCCAACAGTAAT,2,0.675385621,,1
PDGFRA_-_55095576.23-ENST00000257290.5,PDGFRA,ENST00000257290.5,GCATTGCGGAATAACATCGG,3,0.63489094,,1
MSN_-_64887518.23-P1P2,MSN,P1P2,Gggagcgggcggcgcgacag,1,0.8433121579999999,,1
MSN_-_64887521.23-P1P2,MSN,P1P2,Ggcgggcggcgcgacagggg,2,0.7830183609999999,,1
MSN_+_64887727.23-P1P2,MSN,P1P2,GGGTCGACAGCGCCCACCTC,3,0.714251248,,1
ECM2_-_95298235.23-P1P2,ECM2,P1P2,GCTGGAGATCTAAACTAAGT,1,0.886327245,,1
ECM2_-_95298046.23-P1P2,ECM2,P1P2,GTACAAGGTCTGAAATACTT,2,0.601936564,,1
ECM2_-_95298245.23-P1P2,ECM2,P1P2,GAAACTAAGTAGGCTTTGCT,3,0.549037865,,1
FAM26E_-_116832828.23-P1P2,FAM26E,P1P2,GGCTGCTCTGCCAATAACAA,1,0.851933388,,1
FAM26E_-_116833094.23-P1P2,FAM26E,P1P2,GGGTCGTGGAGACTCTTCAC,2,0.735613009,,1
FAM26E_-_116832875.23-P1P2,FAM26E,P1P2,GCCAACATGGATGCTTTTCA,3,0.669297963,,1
FOSB_-_45971307.23-P1,FOSB,P1,GGACACGCGGAACCAAGACT,1,1.001593601,,1
FOSB_-_45971281.23-P1,FOSB,P1,GAGACTCAGAGCTACGGCCA,2,0.949289795,,1
FOSB_-_45971286.23-P1,FOSB,P1,GCAGAGCTACGGCCACGGCA,3,0.855013142,,1
SLC2A3_-_8088753.23-P1P2,SLC2A3,P1P2,GTTTCTCCACGTCCTCAGGA,1,,1.059086123,1
SLC2A3_+_8088767.23-P1P2,SLC2A3,P1P2,GAGACCCAGAGATGCTGTAA,2,,1.0128948759999998,1
SLC2A3_+_8088743.23-P1P2,SLC2A3,P1P2,GAGACTTTGGATCCTTCCTG,3,0.599453069,0.906354216,1
SDPR_-_192711776.23-P1P2,SDPR,P1P2,GGGGCACCAGTCTCCAGGAC,1,0.9719046440000001,,1
SDPR_-_192711792.23-P1P2,SDPR,P1P2,GGACTGGCAGAGGTTCAGAC,2,0.9573704890000001,,1
SDPR_-_192711818.23-P1P2,SDPR,P1P2,GAACTGGCTACGCTGATCAG,3,0.9101246999999999,,1
FBN1_+_48937895.23-P1P2,FBN1,P1P2,GGGAGCCGCGGCAGAGACTG,1,0.977231321,,1
FBN1_+_48937882.23-P1P2,FBN1,P1P2,GAGACTGTGGGTGCCACAAG,2,0.876838917,,1
FBN1_+_48937828.23-P1P2,FBN1,P1P2,GAGCCGAGCAGTGGCTGTAG,3,0.8501438109999999,,1
HEG1_-_124774844.23-P1P2,HEG1,P1P2,GcggggAAGTGAGCGGAGTG,1,0.705631285,,1
HEG1_-_124774741.23-P1P2,HEG1,P1P2,GCGCGGCGAGGCCATGGTGA,2,0.6719681279999999,,1
HEG1_-_124774598.23-P1P2,HEG1,P1P2,GCCAGCCCCGCTCCCGCGAG,3,0.630781896,,1
MFAP4_+_19290461.23-P1P2,MFAP4,P1P2,GAGCAGAACTGACAGCATGA,1,0.785951968,,1
MFAP4_+_19290440.23-P1P2,MFAP4,P1P2,GGTACGGGGCCCAGGGTCGG,2,0.7411704090000001,,1
MFAP4_+_19290455.23-P1P2,MFAP4,P1P2,GACTGACAGCATGAAGGTAC,3,0.7182294379999999,,1
FAM107A_-_58563060.23-P1P2,FAM107A,P1P2,GCAGGTCGAGTCCTTGGGAA,1,0.8817743659999999,,1
FAM107A_-_58563082.23-P1P2,FAM107A,P1P2,GAAGTCAGGAGCGTGTTGCT,2,0.7694379029999999,,1
FAM107A_-_58563135.23-P1P2,FAM107A,P1P2,GCAAGGAGGGCTGCCTCTAG,3,0.683296543,,1
LHFP_-_40177259.23-P1P2,LHFP,P1P2,GACTCCCGGCGAGTCCGCGG,1,0.996021805,,1
LHFP_-_40177245.23-P1P2,LHFP,P1P2,GCAGCGGAGACCCCCACTCC,2,0.973270018,,1
LHFP_-_40177319.23-P1P2,LHFP,P1P2,GgggATCGCACGCAGAGGAG,3,0.92447527,,1
PLEKHA2_-_38759503.23-P1P2,PLEKHA2,P1P2,GGGCCTAGAAGGCTCCCCTA,1,0.736521216,,1
PLEKHA2_+_38759517.23-P1P2,PLEKHA2,P1P2,GAAGTCCAGGCTGCACCCAG,2,0.7339017990000001,,1
PLEKHA2_-_38759374.23-P1P2,PLEKHA2,P1P2,GGACCCCGCAACGACTGCCC,3,0.6429389529999999,,1
CXCL6_+_74702409.23-P1P2,CXCL6,P1P2,GGTGGAGGCGCGGAGACTGG,1,0.9233031909999999,,1
CXCL6_+_74702443.23-P1P2,CXCL6,P1P2,GTGGTCAAGAGAGGGTTCGC,2,0.855218357,,1
CXCL6_+_74702452.23-P1P2,CXCL6,P1P2,GGGCTCATAGTGGTCAAGAG,3,0.831643831,,1
ETV1_+_14029267.23-P1P2,ETV1,P1P2,GAGGCGCTTTCGGCTTCCAA,1,0.729249846,,1
ETV1_-_14029100.23-P1P2,ETV1,P1P2,GCCTAACGGGACTAAAGAGA,2,0.705158955,,1
ETV1_-_14028509.23-P1P2,ETV1,P1P2,GAAGCAGAGTCGCCCTACAG,3,0.650069114,,1
JUNB_-_12902314.23-P1P2,JUNB,P1P2,GGCGGCTGGGACCTTGAGAG,1,0.846795519,,1
JUNB_-_12902400.23-P1P2,JUNB,P1P2,GGCGCCAGAGAGGGCGACGG,2,0.799381518,,1
JUNB_+_12902324.23-P1P2,JUNB,P1P2,GCAGCTCCCTGCTGGCTCCG,3,0.7988186140000001,,1
KIAA1462_-_30348416.23-P1P2,KIAA1462,P1P2,GGACGCCGGGACTTACCGAG,1,0.885804183,,1
KIAA1462_-_30348376.23-P1P2,KIAA1462,P1P2,GTGGGAGCGGCCCTAATGGA,2,0.7634827540000001,,1
KIAA1462_+_30348419.23-P1P2,KIAA1462,P1P2,GgcggcgcgaggcggCATGA,3,0.756052487,,1
LDB2_-_16900296.23-P1P2,LDB2,P1P2,GGAGCCCTCTATAGCAGGAg,1,0.8382383390000001,,1
LDB2_-_16900275.23-P1P2,LDB2,P1P2,GGCTGGCTGGGAACTGCTGT,2,0.7113678609999999,,1
LDB2_-_16900263.23-P1P2,LDB2,P1P2,GcaggcTGAACACGCTGGCT,3,0.692229963,,1
RUNX1T1_-_93074810.23-P1,RUNX1T1,P1,GCAGCGTACCACACAGAAAG,1,0.793746939,,1
RUNX1T1_+_93074796.23-P1,RUNX1T1,P1,GGAGACAGCCACTTTCTGTG,2,0.759536282,,1
RUNX1T1_+_93074780.23-P1,RUNX1T1,P1,GGTGTGGTACGCTGGATTCA,3,0.700711049,,1
SOX18_-_62680978.23-P1P2,SOX18,P1P2,Gaggccgggagggcggatgg,1,0.8178458690000001,,1
SOX18_-_62680990.23-P1P2,SOX18,P1P2,Gcggatggcggtggggacgg,2,0.7754898920000001,,1
SOX18_-_62680783.23-P1P2,SOX18,P1P2,Ggcgaggccgcgcgtgtcag,3,0.708922732,,1
TIMP2_-_76921439.23-P1P2,TIMP2,P1P2,GgcggcgcTGCGGTTCTCGG,1,0.9554112490000001,,1
TIMP2_+_76921440.23-P1P2,TIMP2,P1P2,GACATCCGTAGAAGGCAGCG,2,0.805627377,,1
TIMP2_+_76921202.23-P1P2,TIMP2,P1P2,Gcagcgcccggaccccccag,3,0.803836529,,1
COL3A1_-_189839131.23-P1P2,COL3A1,P1P2,GTGACGGGCCCGGTGCTGAA,1,1.004145458,,1
COL3A1_-_189839099.23-P1P2,COL3A1,P1P2,GCAAAGCAAAGGAATCTCAG,2,0.85450648,,1
COL3A1_-_189839149.23-P1P2,COL3A1,P1P2,GAGGGCAGGGAACAACTTGA,3,0.7859176529999999,,1
COL14A1_-_121137426.23-P1P2,COL14A1,P1P2,GAGCGCAGCGGCagaaggag,1,0.9535807340000001,,1
COL14A1_-_121137513.23-P1P2,COL14A1,P1P2,GGCCGCCAAGGACCAACTAG,2,0.789979348,,1
COL14A1_-_121137485.23-P1P2,COL14A1,P1P2,GCTCCGAGGGAAGAGAGCAA,3,0.738402638,,1
EBF1_-_158526868.23-P1P2,EBF1,P1P2,GAATGATCACAGGCCGGTGG,1,0.622370467,,1
EBF1_-_158526865.23-P1P2,EBF1,P1P2,GtGTAATGATCACAGGCCGG,2,0.6159453779999999,,1
EBF1_-_158526183.23-P1P2,EBF1,P1P2,GCTCCGGCCGCAGGCGACGA,3,0.558473556,,1
FAM50A_-_153672500.23-P1P2,FAM50A,P1P2,GCGGGCGTCAGCTGACTGTT,1,,1.268930389,1
FAM50A_+_153672571.23-P1P2,FAM50A,P1P2,GTATTGAGCCATggcagcgg,2,0.806032558,,1
FAM50A_-_153672598.23-P1P2,FAM50A,P1P2,GctgccATGGCTCAATACAA,3,0.762115132,,1
ID3_+_23885735.23-P1P2,ID3,P1P2,GTGGTACCCGGAGTCCCGAG,1,0.843047683,,1
ID3_+_23885970.23-P1P2,ID3,P1P2,GGCGTTGCAGGTCACTGTAG,2,0.836194109,,1
ID3_+_23885910.23-P1P2,ID3,P1P2,GGACTCACTCCCCAGCATGA,3,0.800321425,,1
IL33_-_6215852.23-P1P2,IL33,P1P2,GAAATCAAAACAAGATCACA,1,0.699826543,,1
IL33_-_6215916.23-P1P2,IL33,P1P2,GAGTTAAACCTTGGGAACCA,2,0.46283385200000005,,1
IL33_-_6216042.23-P1P2,IL33,P1P2,GAATTCCATTTGCTTTCCTT,3,0.373384095,,1
NDN_-_23932384.23-P1P2,NDN,P1P2,GTGTCTGCGCCGTCTGGCAA,1,0.983626853,,1
NDN_+_23932424.23-P1P2,NDN,P1P2,GCCTCTCCAGGAATCCGCGG,2,0.882208787,,1
NDN_+_23932427.23-P1P2,NDN,P1P2,GCTTCCTCTCCAGGAATCCG,3,0.832879503,,1
NRG1_+_32405884.23-P1P2,NRG1,P1P2,GTGCTCACGCTCCCATCGTC,1,0.942603739,,1
NRG1_-_32405895.23-P1P2,NRG1,P1P2,GGCGGCGGCTGCCGGACGAT,2,0.782642737,,1
NRG1_+_32405924.23-P1P2,NRG1,P1P2,GGCGCCCTCGCAACCCGATC,3,0.714671646,,1
NR4A1_-_52445257.23-P1P2,NR4A1,P1P2,GCGGAGGCTACGAAACTTGG,1,0.92882676,,1
NR4A1_-_52445277.23-P1P2,NR4A1,P1P2,GGGAGTGCACAGAAGAACTT,2,0.885377544,,1
NR4A1_-_52445297.23-P1P2,NR4A1,P1P2,GGGGAGCGCACGCGGGACCA,3,0.764875953,,1
PODN_-_53527933.23-P1,PODN,P1,GGGAGCGCAGCTGAGACTGG,1,1.047169814,,1
PODN_-_53527894.23-P1,PODN,P1,GGCGCCCAGCTTGACTTGAA,2,0.908486417,,1
PODN_+_53528104.23-P1,PODN,P1,GGTGCAGGGTCCTACAGAGG,3,0.878152065,,1
KCTD12_+_77460488.23-P1P2,KCTD12,P1P2,GGGAGCGCACTGGAACTCAA,1,0.9349371809999999,,1
KCTD12_+_77460541.23-P1P2,KCTD12,P1P2,GCAGCGCGCGGGCCGCGACC,2,0.851624032,,1
KCTD12_+_77460476.23-P1P2,KCTD12,P1P2,GAACTCAAGGGGGCGCACAG,3,0.842318123,,1
PCOLCE_+_100200040.23-P1P2,PCOLCE,P1P2,GGCTGGGGTCCTCAAGACAG,1,1.123954155,,1
PCOLCE_+_100200068.23-P1P2,PCOLCE,P1P2,GGCAGGCAGCATGGCCCCGG,2,0.780511535,,1
PCOLCE_+_100200055.23-P1P2,PCOLCE,P1P2,GCCCCGGGGGAAAGGCGCTG,3,0.722802967,,1
SAA4_-_18258338.23-P1P2,SAA4,P1P2,GCTGGCCGTGGAGCTATAGT,1,0.908917792,,1
SAA4_+_18258262.23-P1P2,SAA4,P1P2,GCATCTGGAGAAAGGTCCAC,2,0.7739693009999999,,1
SAA4_-_18258298.23-P1P2,SAA4,P1P2,GCCAGATGAAATTTCAGTAA,3,0.731854088,,1
ZEB1_-_31608231.23-P1,ZEB1,P1,GGCGCAATAACGGTGAGTgg,1,,0.811418254,1
ZEB1_-_31608169.23-P1,ZEB1,P1,GACAAGCGAGAGGATCATGG,2,0.991359256,,1
ZEB1_-_31608166.23-P1,ZEB1,P1,GGACACAAGCGAGAGGATCA,3,0.9451385940000001,,1
